내 사랑이 뭐||권영구||fork||325
여울목||Zenith (제니스)||fork||129
일기장 (Feat. 김기미)||다른노래||fork||299
흐린 뒤 맑음||코넛 (Conut)||fork||953
성수기||장영우||fork||799
One More Chance||투앤비 &amp; 랍스타 (Rapsta)||fork||658
TV는 멍청한||트레버 (Trever)||fork||745
워 아이 니 (Woaini)||인도에서 온 란초||fork||468
취업쏭||조마조마밴드||fork||512
그대 흐린 날 주막같은 인연이 있는가||박경하||fork||412
선구안||유능 (Yoo neung)||fork||13
반추||유동혁||fork||39
아직은||밤빛아침||fork||359
뚜두다 (With 이은경)||보트||fork||102
Romance||김은지||fork||177
봄길||KARROT (캐럿)||fork||509
계절사이 (Feat. Arche)||Arche &amp; Sixty||fork||946
우울한 결혼 (Feat. 기라)||이진||fork||18
우린 결국 (Over again)||조인 (ZOIN)||fork||537
내겐 너무 사랑스러운 그녀||황소희||fork||707
달빛 아래 로맨틱 (Feat. 임선호 &amp; 권병호)||민호기||fork||699
Big Trouble||옐로우 벤치 (Yellow Bench) &amp; 주예인||fork||515
그대는 예쁜 사람||드레인(Drain)||fork||546
이상형||메이어스||fork||648
Nobody Knows||유용민||fork||314
달동네 왈츠||달동네왈츠||fork||151
바람시||박경순||fork||564
I'll Have You Like My Queen||Unbeatable Guitar||fork||821
나 좋다는 사람||프로도 나무 네오 걸렸네||fork||958
2.0 (Vocal 장민석)||곰치 (GOMCHI)||fork||166
너의 웃음 하나면||김경재||fork||996
처음 만난 날||윤원||fork||463
봄이 왔어요||제이브라운 (J Brown)||fork||364
알츠하이머||마루이프 (MARUIF)||fork||874
봄, 라일락||전혜인||fork||651
열일곱 살 소녀에게||김제성||fork||160
우연||고래와 정민||fork||971
몰랐죠||신재혁||fork||795
기다림에 대하여||유하나||fork||28
노래로 남아 (Feat. Vesper)||코끼리소년||fork||443
긴 세월 언제다 지나가버리고||조준||fork||330
있잖아 (Feat. 보람양)||HolyCow||fork||33
하얀 바다||하얀바다||fork||822
또 다시 봄 (Feat. 김나리)||노스텔지아 (Nostalgia)||fork||330
거짓말||KARROT (캐럿)||fork||268
하늘 푸르른 날 (Feat. 허정욱)||다니엘 고스트||fork||504
거리에서 Part. 2||고휘열||fork||132
첫||진성윤||fork||904
바람처럼, 구름처럼, 강물처럼 (Feat. 이승열)||송홍섭||fork||738
청춘블렌딩||로맨틱멜로디초비||fork||85
But 꼭..||태원 (Tae.1)||fork||763
우리 둘이||혜화동소년||fork||101
시골길||리주 (LeeZu)||fork||819
In My Dream||김동인 (Kim dong in)||fork||667
회전목마||요요||fork||499
봄이 온 것 같아요||정다운||fork||844
아버지 저희는 잘 지내고 있어요 (Acoustic Ver.)||오늘의 일기||fork||117
분홍비||수요일밴드||fork||393
너나 장가가라||링클프리||fork||435
ㅎㅅㅎ||메이너 사운드||fork||542
기웃기웃||magnetic||fork||651
어깨춤을 추게할 거야||양정권||fork||58
봄이 왔나봐 (Somethings On You)||Ji-U (지유)||fork||300
다시 이별이다||Jean||fork||760
그대 그리운 날은||박제광||fork||384
내가 백석이 되어||곽성숙||fork||788
다시, 비가 내려||황명하||fork||178
딱 10분만요 (Feat. 홍인규)||유세윤||fork||566
Feel My Heart||백종명||fork||756
Big Man (Feat. 찬주)||신은경||fork||607
얼음 땡||보람양||fork||210
그랬었지 1980||김채우||fork||638
봄이와||김기미||fork||920
봄바람||우대화||fork||442
Bus Take I||김제성||fork||653
아 연애하고 싶다 (Feat. 이혜빈)||감성조영실||fork||750
봄, 길, 그대||감성수||fork||908
꿈은 이루어진다||유재욱||fork||464
이러다가||호세윤 밴드||fork||153
지우고싶다||김시혁||fork||628
그 사람은 사랑하지 않아요||흐림||fork||612
청춘고백||우연수||fork||356
내려놓아요||EARLY MOON||fork||192
너의 이름 불어오면||용빈||fork||537
그대는 내 스타일 (Feat. 아연)||그 시절의 우리||fork||303
Joy||KIMPD||fork||306
4월||천피터||fork||472
Love Cake (Feat. 노을)||SeM||fork||119
진분홍 봄날||마루이프 (MARUIF)||fork||374
굿모닝 투 유||조한 (Joe Han)||fork||17
Fall In Love (Feat. 강보화 &amp; 오병환)||빈 밤||fork||401
Long Time Ago||어쿠스틱로망 (Acoustic Roman)||fork||192
그대 그리고 봄||수상한 커튼||fork||157
괜찮아요||박진아||fork||38
4월인가봄||얼킴 (UR Kim)||fork||978
그대와의 하루 (Vocal 예지)||김산||fork||220
신발장||곽찬비||fork||923
그대, 아름다운||오승미||fork||21
짧은 위로||뭉클 (Moonkle)||fork||77
우리 이제 만나야해요||이한열||fork||113
사이다 그 사이||임재형||fork||663
기다리고 있어 (세월호 추모곡) (Feat. 김현아 &amp; 김기현 of 미드나잇블루)||혜화동소년||fork||350
잊혀진 (Feat. 키린)||김성남||fork||578
핸드드립커피 (Feat. Jeicko)||메이앤줄라이||fork||879
꿈처럼||편한메아리||fork||824
엄마||성진환||fork||711
에스프레소 (Espresso)||서액터 (Seo actor)||fork||797
Dog And Cat||Unbeatable Guitar||fork||378
꿀이 떨어진다 (Feat. 대희 &amp; 혜원)||유자 (YUJA)||fork||944
믿거나 말거나||파미르 (Pamir)||fork||771
금요일엔 돌아오렴 (With 은진)||조준||fork||459
까르망||장재인||fork||127
봄밤 (Feat. SOY ASMR)||언제나소년||fork||75
잔을 들어요||김용덕||fork||141
쭈꾸미||미식가요||fork||739
너를, 다시 봄||소연||fork||623
봄이다||엠클락||fork||900
고민상담||Low||fork||167
광화문||김장훈||fork||15
날개를 준비 할 때||아홉칸 (Ahobkan)||fork||185
꽁냥꽁냥||없는살림에||fork||756
너란 봄 (Feat. 하림)||정은지||fork||903
민들레||Good Worker||fork||581
Flower Shower||셋다른 (THREE, Different)||fork||627
벚꽃엔딩||J.S.P||fork||96
목련꽃 필때면||김철민||fork||852
파란새벽||이예호||fork||981
StarryNight||KIMPD||fork||429
벚꽃 청춘||꿈빛밴드||fork||506
어디서나||양경환||fork||623
거리를 듣다||박재민||fork||554
블로썸블로썸 (Blossom Blow-Some)||EARLY MOON||fork||210
맥주예찬||SUZANDO (수잔도)||fork||86
하얀나비||버들피리||fork||739
내가 나를...||영신||fork||490
그리움 (Feat. 유익)||허준범||fork||438
겨울의 끝 속에 내리는 비를 보며 (Feat. 김수현)||장재흥||fork||847
봄맞이||김목인 &amp; 시와 &amp; 황푸하||fork||187
너를 봄||강인성||fork||978
술아일체 (Feat. 김현수)||Ssol||fork||310
가족이다 생각해보면||달동네왈츠||fork||808
꽃구경||포도아저씨||fork||205
난 좋아||산토킹 (SANTALKING)||fork||988
민트초콜렛||어쿠스틱클라우드||fork||630
봄노래||임정훈 밴드||fork||629
기분좋은 하루||유재욱||fork||976
Vernal Flowers (봄꽃)||이에브리웨어 (E everywhere)||fork||876
부럽더라||닥터오 프로젝트 (Dr.Oh Project)||fork||359
미안해||jOe||fork||956
봄타나봐||김아현||fork||595
걸어요||장수아 (Jang SooA)||fork||247
NarrowAlleyway||KIMPD||fork||210
아침||양희재||fork||118
봄처럼 다가와줄래요||한수연||fork||687
너에게 보내는 노래 (Feat. 서연재)||HOOK (훅)||fork||481
거리를 걸었어||강진구||fork||302
그럴까봐||진성윤||fork||472
아무것도아닌||손준호와조화||fork||548
봄의 언어||윤제 (Yunje)||fork||891
조금씩 조금씩 (Vocal 박미선 &amp; 김제섭)||모두나||fork||425
사랑, 상처위에 쓰는||리즘 (Lizm)||fork||480
평화의 세상||따돌림사회연구모임||fork||516
심쿵사 (Feat. 유서영 of Acorn Tree)||J-Yoon (제이윤)||fork||730
녹아||셋다른 (THREE, Different)||fork||896
Love You||안재균||fork||539
사랑을 말하지 말아요 (Feat. 최수인)||문영석||fork||561
내게 와줄래||이지허밍 (Easy Humming)||fork||189
창 밖에 비가 와||여울비||fork||365
완벽해||레터 플로우 &amp; 소유||fork||709
안단테||김지유||fork||773
길||장재흥 &amp; 김수현||fork||70
사랑해!||예수재이||fork||137
사랑은 얼마나 견디는가||김수현||fork||744
Spring Song||Unbeatable Guitar||fork||473
앗, 봄이네||Acorn Tree (어콘트리)||fork||27
봄이 와 (Feat. 지연)||파쿠스틱 (Facoustic)||fork||797
아빠와 크레파스||J.S.P||fork||237
어느날 오후||Various Artists||fork||216
낭만에 대하여||Various Artists||fork||168
너를 위해||Various Artists||fork||931
떠날 수 없는 당신||Various Artists||fork||280
기다리는 아픔||Various Artists||fork||791
기다리는 아픔||Various Artists||fork||302
귀거래사||Various Artists||fork||765
나는 행복한 사람||Various Artists||fork||767
바다||아연||fork||668
일어나요||박종서||fork||342
가면||김민수||fork||376
소박한 꿈||마루이프 (MARUIF)||fork||348
왜 또 봄이야||차오루 &amp; 키썸 (Kisum) &amp; 예린||fork||40
길||The 삶||fork||170
오늘부터 행복해||썩브라더스||fork||956
LCHF 라이프스타일||닥터처방전||fork||97
일어나||나라||fork||701
모닝콜||브로맨스 (VROMANCE)||fork||810
안녕, 내 사랑아||정석환||fork||266
편의점||이호선 &amp; 장원 &amp; 엄홍석 &amp; 추헌수||fork||151
아직도 못다한 사랑||솔개트리오||fork||555
잊어야한다는 마음으로||박장순||fork||874
결과론||초코와 바닐라||fork||55
외쳐||유재욱||fork||939
올드보이||유재욱||fork||453
내 마음을 아프게 하네||딜런||fork||79
외로울때 나에게 전화해 (Feat. 정민경)||조순종||fork||677
아침이슬||얼킴 (UR Kim)||fork||117
친하다와 친하지 않다||라야 (Laya)||fork||396
그대가 봄||힌||fork||90
그것은 인생 (Unplugged)||이용우||fork||596
같이 걷지 않을래 (Will You Walk With Me)||The Gunner (더 거너)||fork||22
갈 수 없는 나라||조준||fork||878
아무리 생각해봐도 난 네가 (Feat. 박균영)||치로치로아카데미||fork||59
그저 흔한 사랑이라||윤원||fork||757
점점 (Feat. 건우)||한정연||fork||253
i라면||퍼플탭 (Purple Tap)||fork||309
소풍 (Feat. 박광선)||Kiki With Storytellers||fork||21
당신은 나의 운명||김병길||fork||28
라비아타||이룬||fork||987
할말이 있어||려한||fork||962
나그네길 (경음악)||Various Artists||fork||737
그리고 너||파스톤 (Paston)||fork||72
서른 즈음에 (With 전인권)||강승원||fork||775
조별과제 (Vocal 김정섭)||김경재||fork||912
타이밍||코창||fork||667
선톡||이나연||fork||997
I'm Going To Save My Lover||Unbeatable Guitar||fork||844
멍을 때리네||태엽장치||fork||729
놀아줘요 2||김미주||fork||488
기억을 그리다||KANU (하태양)||fork||133
너의 창가에서||문 도||fork||400
snow||OVN (오븐)||fork||526
텔레비전||신문수밴드||fork||11
멍||먹 (墨 ; Muk)||fork||79
So Can You Hear Me (Vocal. Zoe Yungmi Blank)||Pollenation||fork||16
너만 생각나||바닐라 어쿠스틱 (Vanilla Acoustic)||fork||75
낯설어||유용민||fork||360
사랑하지 않는 순간||세인 (Seine)||fork||957
봄 바람타고||김희진||fork||957
징징대지마 (Feat. Cheshire &amp; 김예지)||김남훈 &amp; 고선생||fork||338
허수아비||촌놈||fork||50
새봄 (Feat. 김보령)||멜로디 정 (Melody Jung)||fork||449
새벽||섬||fork||233
문 좀 열어주세요||김희진||fork||729
오래된 골목길||홍대마카롱||fork||909
바보||김희진||fork||777
어쩌다 (Feat. 범's)||ZOA||fork||198
호구의 사랑||안경낀 날라리||fork||802
비밀||스타 러브 피쉬||fork||891
하루를 걷는다||우솔||fork||232
봄이 오네요||레스트 노트 (Rest Note)||fork||806
Day And Night||Kelsey Park||fork||903
너무 억울해요||심재경||fork||423
2월 14일 (Feat. 선우연주 of 어쩌다핀)||SeM||fork||279
이별-길에서||포크레인 (Folk Rain)||fork||966
사랑인걸까 (PUSHOVER)||비노 (VINO)||fork||481
찻잔||노고지리||fork||372
그리움만 쌓이네||여진||fork||513
돌아||곽진호||fork||31
백허그||Sweet'B (스윗비)||fork||419
문||이진호||fork||612
파랑새||소년민||fork||953
없네 (Feat. 박준하)||03소1059||fork||107
행복하지마||옐로우 벤치 (Yellow Bench) &amp; 제미니||fork||726
사막 (온스테이지 Ver.)||김광석||fork||908
나만의 길로||김유진||fork||257
종이학||박영한||fork||770
나의 외로움이 널 부를 때 (Radio Edit Ver.)||펀치 (Punch)||fork||372
모순||싱잉앤츠||fork||96
SIGN||김형진||fork||443
케미 (Feat. 차차)||원셋||fork||768
너를 위한 노래||서문||fork||896
초인종||김기미||fork||516
이별을 글로 배워서||한수연||fork||615
가족이다 생각해보면||달동네왈츠||fork||448
큰일났네||심재경||fork||625
기차와 소나무||김지성||fork||281
그대||이수빈||fork||3
빛||전우송||fork||992
봄이 와||경기미||fork||22
나란 역할의 연기||뉴아더스||fork||241
12월의 퀄리아||반||fork||365
Sparks Fly||윤도현||fork||16
조율만 30분째 (Feat. 박소연)||춘천베짱이||fork||696
딱 10분만||앤츠 (Ants)||fork||438
You're My Birthday||하리니 (HARINIIIII)||fork||413
시간 참 빠르죠||한이경||fork||726
연.못.녀 이야기||E.so (이소)||fork||105
밥 먹자||김형섭||fork||424
쏟아진다 횡성으로||김성만||fork||468
Relax||이주열||fork||621
별, 달, 밤||그란디 (Grandee)||fork||817
Song Of Songs||최유리 (YOORI)||fork||90
혼란||Mass Avenue (매스애비뉴)||fork||990
다시, 곁에||우물안 개구리||fork||669
해피엔딩||Sugarhate (슈가헤잇)||fork||466
오늘은 쉴게요||헬로봉주르||fork||526
한계 (Feat. 문두리)||서서서우재||fork||984
요즘 뭐해? (Vocal 김정섭)||김경재||fork||26
사랑 그 쓸쓸함에 대하여||E.G.B 밴드||fork||247
어른, 사랑||진성윤||fork||16
그 여름의 여행||정석환||fork||527
사랑했지만||E.G.B 밴드||fork||574
오랜 날 오랜 밤||악동뮤지션||fork||830
6월에서 5월까지||HongHye||fork||468
In My Opinion (XXIV)||김은지||fork||829
떡국||정민아||fork||34
너와||김준||fork||109
일월애 (日月愛)||송화||fork||471
나를 위한 노래||김용대||fork||306
눈꽃소녀의 편지||스쿠터 다이어리 (Scooter Diary)||fork||928
불러||무적기타||fork||63
아버지||이호||fork||684
원 (Circle) (온스테이지 Ver.)||신설희||fork||121
떠나가 줘요||흐림||fork||447
사랑한다 말하세요 (With 소풍)||이자은||fork||322
주홍빛 가로등||벨라이트||fork||448
칡차라도 한잔||두고보자||fork||520
카페에서||Various Artists||fork||126
동백꽃 전설||구명우||fork||745
모닝콜||thesomebodypain||fork||362
잘자요||가호||fork||89
그사람||유상록||fork||311
198-9||낭만팀||fork||417
13인의 아이 (온스테이지 Ver.)||호와호(howaho)||fork||58
월요병||이지뱅||fork||735
성북동||WheelS (휠즈)||fork||555
눈꽃||플라스틱 (Plastic)||fork||999
Escape Manuevers||The Gunner (더 거너)||fork||552
참좋다||신보연||fork||803
그 집앞||이재성||fork||497
혼자만의 사랑, 혼자만의 이별||어텀프로젝트 (Autumn Project)||fork||299
눈물젖은 목포항에||임혁||fork||373
길을 잃은 사람||바드 (Bard)||fork||250
광화문 연가||E.G.B 밴드||fork||225
EVERYDAY CHRISTMAS (Feat. J. Hee)||에이틴 앤 라이프 (18&amp;Life)||fork||252
너의 푸른바다 (Your Blue Sea) (영화 '최악의 하루' 삽입곡)||텍사스가라오케 (Texas karaoke)||fork||132
오늘은||이지에프엠 (EasyFM)||fork||191
나의 일||이매진 (I:magine)||fork||855
25||서연||fork||245
흰 지팡이는 나의 동행자||이경민||fork||305
진실은 침몰하지 않는다||윤민석||fork||467
Rainbow Bird||하림||fork||834
날 좀 보소||메이앤줄라이||fork||862
손씻기송||노래나무||fork||809
순정||손지예||fork||100
그렇게 걷다보면||그냥아는사이||fork||483
너라서 좋아||박정하||fork||693
냉정하게 이별을 말해줘요 (With 쇼코)||동경소녀||fork||348
서울||성진환||fork||634
싱글 라이프||비온후갬||fork||430
어쩌다우리 (Feat. 강연주 &amp; 이윤형)||문주연||fork||772
춘천에 가면||Ronantic hong||fork||631
날 안아줄래||김동현||fork||382
가로수길 In 창원||11％||fork||870
하늬바람||루하 (Luha) &amp; 장진호||fork||627
길을 걸으며||한선희||fork||285
하나 둘 (오늘 아침에 눈이 내렸네)||무적기타||fork||578
Inside Out||백승환||fork||43
바다 영혼||강허달림||fork||633
이게 나라냐ㅅㅂ||윤민석||fork||710
독백||김광웅 (kimkwangung)||fork||233
The Dog||빌리카터 (BILLY CARTER)||fork||933
희망이 묻힌 무덤가||성진||fork||601
불어오면 (Demo Ver.)||이끼||fork||167
버려진 백구 (Piano Demo Ver.)||이끼||fork||289
가을이 끝나갈 무렵||헌제식당||fork||945
요즘 우리||이끼||fork||58
지가 무슨 한대수인 줄 알구||박길수||fork||111
말할래 (With 소피아)||서민영||fork||300
권력을 바라보는 두가지 시선||안치환||fork||229
낚시||곰치 (GOMCHI)||fork||709
난 멋진 사람이 되고 싶었는데||리주 (LeeZu)||fork||163
Why Don't You||김시혁||fork||463
동방의 횃불 (아리랑) (Feat. 씨클라인)||번개소리사||fork||433
사랑하고 싶어||반석||fork||944
하루를 (Feat. SAZA BAND &amp; 성기문)||호우 (HoWoo)||fork||119
스케치 (Sketch)||Fourcut||fork||260
언제나 그렇듯 (Feat. 이승준)||K.DECK||fork||839
해가 사라지던 날||하이 미스터 메모리 (Hi, Mr. Memory)||fork||49
Warm&amp;Sweet||이상한계절||fork||110
그대를 위한 노래||우리나라||fork||382
니가 불행했음 좋겠어||두른||fork||275
좋아라||지미브라더스 (Jimmy Brothers)||fork||27
오늘도 혼자 걷는다||허만성||fork||339
꽃비||석영||fork||889
참을 인자||박상훈||fork||718
밤은 너무 위험해 (Guitar. 양희범)||노상현 (No Sang Hyun)||fork||480
This Is The Small Life (Feat. 김지수)||이건율||fork||839
대한극장 (Memory Lane)||문현아 (Moon Hyun A)||fork||725
너를 위한 멜로디||스쿠터 다이어리 (Scooter Diary)||fork||205
Secret Love||매튜 (MATTHEW)||fork||107
하루는 멀어지고||정연모||fork||336
바람||김영규||fork||844
한 겹의 오늘||겐그레아||fork||516
어디 갔어||신사점 &amp; 이도훈||fork||727
비몽사몽 (HALF AWAKE)||성아일 (isle seong)||fork||616
애매 (愛埋) : 사랑을 묻다||김해바른||fork||187
너 없이 난||MIRA||fork||136
오늘도||파마씨 (Pharmacy)||fork||611
심야 포장마차||인도에서 온 란초||fork||768
러블리 (Feat. TRIGGA)||로브 (Lo.ve)||fork||647
청춘아 내가 간다||푸른솔 (Prsol)||fork||137
꿈속에서||마인드 트레블||fork||136
이쁜 Girl||닥터오 프로젝트 (Dr.Oh Project)||fork||275
비닐하우스 (나의 파란 비닐우산)||블루스양산박||fork||20
Flipped||안아||fork||960
잘 지내나요 여전히||홍대마카롱||fork||417
Merry &amp; Happy||주수빈||fork||232
Run Run Run (Feat. 이도훈)||이기원||fork||612
섬||이놀||fork||573
사랑이지나가면||정한성||fork||620
하룻밤의 꿈||은하수공장||fork||881
미로 (Feat. 버둥)||파제 (Paje)||fork||845
멀쩡히 술주정 (이별녀 Ver.)||노이지버니 프로젝트 (Noisybunny Project)||fork||92
김포행 막차||신재창||fork||130
별처럼 그대를.||송희태 (Song HeeTae)||fork||259
말하지 않아도||하파데이 (Hafa Adai)||fork||707
양양이와 봉봉이||황수정||fork||762
새벽달||단식광대||fork||606
제주 연가||김희진||fork||994
비가와||낭만이다||fork||365
Happy Days||베비 (Beby)||fork||153
우리 멋지지 않니||김기미||fork||215
이렇게 우린..||하신지 프로젝트||fork||187
천천히 걸어갑니다||손방일||fork||580
활과살||활과살||fork||501
A Single Day (With Guitar 강기훈)||멜로디 정 (Melody Jung)||fork||35
그댈 만나러가요||블루밍 &amp; Mad House||fork||883
가을연가 (Feat. 선엘)||플라스틱 (Plastic)||fork||836
분홍빛 하늘||Acoustic Mellow||fork||431
엄마 내가 어제 몇시에 들어왔어||촌놈||fork||680
치킨 (Chicken)||번개소리사||fork||852
미치도록 널 사랑해||동휘||fork||249
봄, 봄||정작가||fork||680
살살녹아||채정||fork||705
어째서||정민||fork||253
순천만철새들 (Intro)||음사랑||fork||398
Illa Illa Illa (일라 일라 일라)||e_diot (이 디옷)||fork||23
봄의 선물 (Feat. 한기쁨)||The 삶||fork||227
가질 수 없는 것||이석준||fork||317
백지로 보낸 편지||김희진||fork||177
다 알아 BABY!!||도넛트리 (Doughnut Tree)||fork||364
여름방학 (Feat. 문빛 &amp; 정지우)||정연수||fork||521
내가 간다||양원식||fork||332
한 조각의 나||김서준||fork||656
그리운 마음||정석환||fork||788
물위에 윤슬이 되어||구자형||fork||43
내 꿈이 걷는다 (아카펠라 Ver.)||아이랑||fork||86
해돋이 (온스테이지 Ver.)||황푸하||fork||745
웃어주세요 지금처럼||스노우문 (snow moon)||fork||475
Wish (Bystander)||The Gunner (더 거너)||fork||444
강아지 vs 고양이||무적기타||fork||395
가을 노래||김동현||fork||94
밤차||송다홍||fork||523
넌 착한 것도 아닌데||서영일||fork||673
순천만에서||김누리||fork||516
스치듯 노을||방성원||fork||336
마중||김기미||fork||117
내 사랑 스쿠터 (해안도로)||옆집 남자 (A Boy Next Door)||fork||188
못다한노래||박정욱||fork||48
너의 모습||토끼먹는당근||fork||204
알딸딸||비온후갬||fork||994
편지||밴드더비상||fork||620
이숲길||정욱||fork||378
끝난사이||이한수||fork||536
아무도 없는 집||그냥 찬휘씨||fork||789
계속 걷다보면 언젠가는 도착||서동요||fork||979
사랑이란, 참||일교차 (Daily Range)||fork||875
Morning There (Feat. 짙은) (온스테이지 Ver.)||스왈로우 (Swallow)||fork||442
항해||이은상||fork||723
내 마음 그대에게||이선우||fork||643
I SEE YOU||기타치는 세남자||fork||787
보이네||김기미||fork||180
진짜 많이||EARLY MOON||fork||27
시인과바다||박성은 (오선G)||fork||911
포옹 (Hug)||N.A (엔.에이)||fork||258
Poco A Poco (포코 포코)||어쿠스티||fork||367
작은 행복||겨울언니||fork||672
잊기||서울형제||fork||876
Hey Gloria (Feat. 정유진)||ZIPE KROCK||fork||940
소주와 초콜릿||같은장르||fork||239
하루||솜니도어||fork||234
무겁지 않아요||김유민||fork||708
혼밥||김경식||fork||464
사랑은 풍선껌||최정인||fork||578
혼자 산다는 건||모범택시||fork||218
아닌 척||초코와 바닐라||fork||244
거제도 소녀 (With 곽원일)||주흔 (Joohn)||fork||384
고백 그 여름밤||에이틴 앤 라이프 (18&amp;Life)||fork||781
걱정말아요 그대||이창휘||fork||712
Duo||양동훈||fork||940
꽃이지는소리||두빛소리||fork||330
모기||무적기타||fork||323
북천향기||주수빈||fork||69
화양연화 (花樣年華)||백자||fork||811
왈칵||혹시몰라||fork||760
원 (One)||루브르젠스키 (Rubrezensky)||fork||492
너와 나의 거리||감성소년||fork||180
등대||서툰||fork||3
달리아||Cyna||fork||125
다 지나가더라||김상철||fork||872
다다||DADA (다다)||fork||11
날아라 나비야||김영태||fork||15
10분만 쉬다 올게요!||구박사||fork||244
신나는 여름||언니동생||fork||505
상괭이||이매진 (I:magine)||fork||289
좋아해||강시온||fork||395
슬픈인상화||이채윤||fork||422
지금처럼 너와 같이||자전거 탄 풍경||fork||45
한강갈래||파인 (FiNE)||fork||627
남해바다 (Feat. 헤이즐 &amp; 윤시훈 &amp; 고운)||야마사운드||fork||948
개구리 (Frog)||닥터오 프로젝트 (Dr.Oh Project)||fork||123
괜찮아||한승기||fork||518
한강로맨스||백혜정||fork||898
오늘 하늘 정말 예쁘다||블루레이스 (Blu-Race)||fork||104
Wish You Love Me||Fyena||fork||67
잘 살아보세||솔가와 이란||fork||477
계단||김태현||fork||394
행여 내 고향 가거든||강기원||fork||113
고마워요||채은옥||fork||231
꿈같은 하루||주예인||fork||438
어영에 뜨는달||김태하||fork||144
마시자 한강||인도에서 온 란초||fork||160
아플까봐||장민석||fork||564
노을빛 서해대교||백진우||fork||514
종곡리 8월에||여울비||fork||788
그 여름날의 기억 (With 서정아)||모노이 프로젝트 (Monoi Project)||fork||338
레베카 (Rebekah)||마티 (Mathi)||fork||190
Why||좋은 사람||fork||40
자장가 (Feat. 고운)||야마사운드||fork||566
할머니, 준희 아빠, 고양이, 혹은 해바라기 얼굴들||김므즈 (익명의 시인들)||fork||637
쉬다||정운||fork||477
Crush||그리고너 악단||fork||829
더워도 스윗 (Feat. 송희란)||에스노트 (ESnote)||fork||308
생각이 깊어지는 밤||주영 (3-0210)||fork||766
눈이 큰아이||버들피리||fork||670
석사동 먹자골목||녹우||fork||393
첫 마음||소각소각||fork||804
The Blues||ZBEAR||fork||674
스킨쉽||핑크피쉬||fork||661
와줘요 달빛||이상한계절||fork||136
불청객||피터아저씨 (Uncle Peter)||fork||544
공원사용설명서||:DIMPLE||fork||94
아무리 봐도 안보여 (Feat. 이우창)||한대수||fork||122
휴식||임수빈||fork||11
소녀의 노래||Cyna||fork||645
숙제||박재민||fork||296
하얀나비||김정호||fork||422
찔레꽃||백난아||fork||610
너 하나만은 곁에 두리라||김기미||fork||702
여기까진가요||참깨와 솜사탕||fork||502
너 하나로||천현석||fork||691
노래에 담아||헬로봉주르||fork||3
장거리연애 (Feat. 유지원 &amp; 오승훈)||카스폴||fork||432
하동아리랑 (Feat. 김하현 &amp; 김혜진)||마린||fork||109
FRIENDS||니즈 (NEEDS)||fork||924
비 오는 날||이어 터치 (Ear Touch)||fork||872
흰 수염 소년||이지에프엠 (EasyFM)||fork||219
Zzzn Funk||젠 (Zzzn)||fork||929
단호박 (With 공예은)||위시트리 프로젝트||fork||263
커피 한 잔에 취했어||김아주 (Ajoo Kim)||fork||683
열대야||1호선 뮤직||fork||110
시인의 마을||최준혁||fork||151
작은 창 (온스테이지 Ver.)||박혜리||fork||433
Antenna||칼리아||fork||665
Sun, The Sunset, No Light||Rev Hill (레브힐)||fork||368
아직여기에||우주왕복선싸이드미러||fork||638
내마음의 보석상자||Various Artists||fork||867
그대는||케빈킴||fork||391
외사랑 (아카펠라 Ver.)||더 프레즌트 (The Present)||fork||427
그대에게||Various Artists||fork||453
이 거리 어디에서도 (연희동 연가)||The Gunner (더 거너)||fork||228
드라마||토끼사냥꾼 (Rabbit Hunter)||fork||569
ourSong||그라미 (Grami)||fork||993
접속 (온스테이지 Ver.)||김사월||fork||230
나는 니가 필요해 (온스테이지 Ver.)||곽푸른하늘||fork||865
The Rainy Season||김동인 (Kim dong in)||fork||511
바람이 불어||김미경||fork||53
Such Our Love||홍대마녀 해마||fork||120
숨만 쉬어요 (Feat. 파인)||야마사운드||fork||260
바다가자||동갑내기프로젝트||fork||377
FEEL (Feat. 킨 &amp; Ps)||A-NO||fork||776
디자이너||에피토렛츠 (EPYTOERETS)||fork||548
엄마 그리워요||백영규 &amp; 양하영||fork||659
오! 백수||Pivo Project||fork||925
Give &amp; Take||조성민||fork||647
세월||이플이상백||fork||974
Stern (별)||권성화||fork||893
일어나||비소리 (Bisory)||fork||999
우린. . .||구공이오공 (90250)||fork||666
걱정||소영이||fork||138
단 한사람||타린||fork||866
그 와 나||신현희와김루트||fork||385
첫사랑 (Feat. 예린)||플라스틱 (Plastic)||fork||138
엄마의 자장가||Cyna||fork||65
묻지 말아요||마른참새||fork||306
1 Page||초코와 바닐라||fork||995
쓰레기 (With 이동건 &amp; 지유나)||안신호||fork||389
OOhHOOtHOo||나인에잇 (Nine Eight)||fork||193
Clasico Suit No.2||젠 (Zzzn)||fork||155
두근두근||슈가립스||fork||554
심각해||제인스무드 (JANE'S MOOD)||fork||734
타이밍||블랙싸만코||fork||593
보고픈 사람에게||노민우||fork||393
자존감에 관하여||김은지 &amp; 김현호||fork||110
오솔길||박준화||fork||153
Sweetheart||호연 (Hoyeun)||fork||158
참 잘했어||이동은 (라이어밴드)||fork||225
비가오고 바람이 불어와||하눌타리||fork||692
쉘위키스 (Shall We Kiss)||서동요||fork||433
제발||정이안 (Jeong I-Ahn)||fork||51
영원한 여름||Sugarhate (슈가헤잇)||fork||236
우리엄마 (Feat. 마골피 &amp; 포도주)||알고보니혼수상태||fork||426
고백직전||정렴||fork||971
아무 말 없이||최영태||fork||424
연락 좀 하지||레이니스펠 (Rainy Spell)||fork||613
그댈 위해서 난 (Feat. 전창영)||Kiki With Storytellers||fork||229
비밀의 화원||플레이버 드림 (Flavor Dream)||fork||61
마당에 그린 고향||강기원||fork||640
안부||튜즈데이 (tuesday)||fork||491
거리에 서서||신촌 블루스||fork||980
오늘도 안녕||예찬||fork||225
그리고 그 날 우리의 여름은 끝났다||정이안 (Jeong I-Ahn)||fork||781
봄이오면 다시보자||오후에만||fork||298
Burn It Again!||세인 앤 뮤직 (Sein &amp; Music)||fork||717
봄이오면||킨타나(kintana)||fork||93
봄을 걷다||조인 (ZOIN)||fork||239
난 너에게||민들레||fork||260
고향길||양정원||fork||981
그 카페||소보 X 시은||fork||381
편안하네 (Feat. 효설)||야마사운드||fork||556
북치기 박치기||수야||fork||308
마주 앉아||조아람 (Joe Aram)||fork||897
위시리스트||헌제식당||fork||790
늦 봄||투스타 (김동현)||fork||511
애모||위일청||fork||294
젊음이여||송원||fork||974
갈증 (아카펠라 Ver.)||별의별||fork||986
였답니다||김동환||fork||627
비밀섬||씨타임 (S.E.A Time)||fork||776
9월처럼||하동임||fork||868
나 아직 침대야||MINYOKEY (미뇨키)||fork||413
YeYeYe (예예예) (Feat. 코모 of 베베몬 (몬스터즈) &amp; 하이솔)||키스엔 (KissN)||fork||921
The Tree||김성우||fork||593
Anchor Point||양동훈||fork||573
Life||에이틴 앤 라이프 (18&amp;Life)||fork||356
시간이 흐르듯 (With Dr. M)||스트로벅스 (Strawbucks)||fork||709
기다려||신영섭||fork||174
로맨틱 아일랜드||플라스틱 (Plastic)||fork||592
날 주서 쟬 버려||박원석||fork||540
봄빛사랑 (Feat. Sienna)||슈가립스||fork||721
Psyco (달라질수있나요)||김태승||fork||746
오르막길||정새난슬||fork||619
쿵하고 짝||살두와 마흥이||fork||584
바라,봄||별이삼우물정||fork||616
BABY||임영수||fork||659
바람, 그리고 연가||사포910 (Sapo910)||fork||239
자유롭게||심재준||fork||745
나와 너의 노래||심재준||fork||214
너를 느껴 봄||심재준||fork||592
닮은 우리||김예희||fork||883
나 어때 (Feat. 계유정)||브리튼 치즈 (Britain Cheese)||fork||780
장거리연애||도란 (Doran)||fork||416
스무살||좋은 사람||fork||750
첫사랑 행진곡||황수정||fork||91
TALK TO U||사사||fork||174
봄 (Feat. 유나)||CINEDIO||fork||840
Windy Weather||Ian &amp; Sylvia||fork||32
Bebe Blues (Gray Wolf, Pianobebe)||Lupus et Musica||fork||676
I Like You||안은정||fork||667
마음을 앉혀놓고 (Feat. 정미)||도유 (DOYU)||fork||643
새벽 11시||메리고라운드 (Merry Go Round)||fork||797
S.E.T.I||허니핑거식스 (Honey Finger 6)||fork||4
I Love You (Ver.2)||플레이버 드림 (Flavor Dream)||fork||772
사랑해서||Bback||fork||881
이 나이쯤에||바야흐로||fork||69
북대앞에서||형우||fork||971
좋아서 그러는거야||대원||fork||948
눈을 감아도 (With Dr. M)||스트로벅스 (Strawbucks)||fork||10
너라면||귀울임||fork||929
참교육의 함성으로 (어쿠스틱)||전교조 전국 노래패 연합||fork||666
아, 봄! (아줌마의 봄!)||꽃금이||fork||192
커피, 사랑의 시작||글라스틱||fork||841
그렇소||이승준||fork||420
조율 (아카펠라 Ver.)||노크||fork||921
그렇게 사랑한다||필리||fork||72
내어린친구들에게||전교조 전국 노래패 연합||fork||286
봄||강보림||fork||471
로맨틱||이국||fork||139
GOOD BYE, GARY||Bluesian||fork||650
술자리 (Feat. 정성훈 &amp; 김예지)||윤쾌진||fork||806
오늘 하루도||No More Cookie (노모어쿠키)||fork||272
길 잃은 달||이유진||fork||853
음력 2월 24일||문성호||fork||309
오방 블루스 ('O' Bang Blues)||박앤장 뮤직사무소||fork||269
욕심인가요||윤딴딴||fork||1000
눈누난나 (Narr. 방혁)||연희동배짱이||fork||414
봄||알파고||fork||245
은하수 네거리||이슈 (ISSUE)||fork||325
생각나데 (Narr. 도원 Of 울랄라세션)||클럼지 (Clumsy)||fork||20
봄, 사랑||폴버드 (Fallbird)||fork||139
사랑비 (Feat. Esther Lee)||김현우||fork||258
너라는 봄||노룬산 프로젝트||fork||28
춘향가 (Feat. 강승호 &amp; 서진영)||표기상||fork||528
쌓일수록||모범택시||fork||983
WONDERLAND||소희||fork||517
사랑이었다||드라이플라워 (Dry Flower)||fork||617
단역배우||이매진 (I:magine)||fork||59
Sketch (Vocal. 한솔)||월토이||fork||528
최고의 순간||해이||fork||206
계절이 우릴 아름답게 하기를||홍순관||fork||839
별 헤메이는 밤||아는 사이||fork||499
햇살||마인드 트레블||fork||659
그들||방의경||fork||259
바람이 불어오는 곳||피터팬 컴플렉스 (Peterpan Complex)||fork||156
Spring Time||하현곤 팩토리||fork||979
NO눈치 (Feat. Crush)||샘김||fork||817
Ninano Blues (Gray Wolf, Pianobebe)||Lupus et Musica||fork||967
인생에 연습은 없다||윤승재||fork||496
홈런||CONNECTOR (커넥터)||fork||566
문래동 (Feat. Ever-New &amp; 김지혜)||김형섭||fork||123
봄을 찾기||피터 (Peter)||fork||856
혼밥혼술 (혼자면어때)||윤필||fork||941
멀리서 보면 푸른 봄||예그리나||fork||727
그래도 그대를||소솜 (SoSom)||fork||971
새벽은 아직도 멀고||Rainblues||fork||97
내 나이 48||김원중||fork||919
요즘 넌 어때||도란쿠스틱||fork||356
밤밤밤 (Feat. 이기현)||백호가간다||fork||954
봄날 (Feat. 파인)||하이힐||fork||667
봄 그리고 사랑노래||배영경||fork||980
우리는 어쩌면 은연중에||두 꿈 (doogguum)||fork||586
별모양 (Star_Shape)||EARLY MOON||fork||52
야간비행||와인슬러시||fork||636
난 너만 보여요||전향기||fork||228
사랑||임우진 (Lim Woojin)||fork||673
너와 닮아가||자이온 (Xion)||fork||117
행복한 섬마을 신전리||하람 (HaRam)||fork||226
청춘약국 (Feat. 다인)||플라스틱 (Plastic)||fork||819
빈자리||김현성||fork||31
이게 다 외로워서 그렇다 (Feat. 그냥 찬휘씨 &amp; 이보라)||서울촌놈||fork||575
멋진여자||진해성||fork||768
일기장 (The Notebook) (Feat. Ezzy of 꽃잠 프로젝트)||공석배||fork||727
생길랑말랑||동경소녀||fork||849
망설이고 있네요||세자전거||fork||151
비오는 날 떡볶이||무적기타||fork||266
꽃청춘||사람또사람||fork||141
희망||별이삼우물정||fork||820
1분 1초가 아까울 때||딜런||fork||156
사랑한다 말하세요||소풍||fork||40
이리와봐||양원식||fork||450
코스모스||차여울밴드||fork||211
널처음만났을때||김대훈||fork||548
머나먼 여정||Cyna||fork||860
Blue Blusy World||젠 (Zzzn)||fork||751
하나||러피월드 (Luppyworld)||fork||876
이유들||윤슬||fork||551
그랬었지||이재성||fork||38
그대로도 괜찮아||이상한계절||fork||221
마지막 봄 (Feat. 김나연)||초콜릿 노트 (Chocolate Note)||fork||847
소심||서랑||fork||58
혼자놀기 (Feat. 이범준 of 범's)||마멀레이드 키친 (Marmalade Kitchen)||fork||175
꼭 힘을 내야해||하파데이 (Hafa Adai)||fork||493
아빠의 구두||11시 11분||fork||814
누나||얼지니티||fork||477
봄소식 (Vocal 이선율)||안도원||fork||671
아빠의 노래||유원 (U1)||fork||377
미혼모||사사||fork||156
At Least||The Gunner (더 거너)||fork||909
어떤 순간||Platz||fork||621
이른새벽||원동환||fork||896
시간이 지나면 (With 김계용)||비기지 (Biggie G)||fork||180
울고, 다시||소행성186||fork||790
또 다른 고향||차여울밴드||fork||441
You||권슬기||fork||603
베짱이||김진평||fork||866
오늘도 이 길을 걸어 (Feat. 문지윤)||제이키 (J-key)||fork||179
치즈타르트||채정||fork||415
애인이 있을거야||서울촌놈||fork||608
문막농협 옥수수||금세령||fork||744
길가에 앉아서 (경음악)||J.S.P||fork||924
그대 떠나는 날 비가오는가 (경음악)||J.S.P||fork||363
애인을 구합니다 (Acoustic Ver.)||PD블루||fork||536
베이비붐 세대||윤필||fork||488
아마도시작||Cyna||fork||816
KIN||감성트리||fork||821
자취인생||전지민||fork||911
조심스럽게||소보||fork||420
엄마||이광조 &amp; 전준한||fork||675
34||송영근||fork||410
바람의 바깥||이매진 (I:magine)||fork||82
달하노피곰도다샤 (Feat. 박찬미)||손호득||fork||418
가로수길||이승찬||fork||32
스무살||플라스틱 (Plastic)||fork||597
모데라토 (With 최문석)||딩클리 (DinkleLee)||fork||874
계절이 두 번||이아립||fork||651
어젯밤 일||전다은||fork||700
뚜벅이||Hi&amp;Peace||fork||649
시험 없는 교실||수요일밴드||fork||603
특별한 아침 (Narr. 하하 &amp; 송은이 &amp; 김용만 &amp; 김원희 &amp; 표인봉 &amp; 김선경)||딜리버 (Deliver)||fork||128
띄워 보내||김윤혜||fork||65
설날떡국||무적기타||fork||408
마모||김일두||fork||939
바로 나||박강수 &amp; 박창근||fork||344
딴생각 중||센치한 버스||fork||359
이제야 끝난 것 같아||이별||fork||439
Strange Country||Kacy &amp; Clayton||fork||414
이대리||김희진||fork||167
Chocolate||로우 (Low)||fork||555
7번국도||급행열차||fork||229
그녀에게||수상한 커튼||fork||993
Giggles||노 리스펀스 프로젝트||fork||679
산위의 마을||달동네왈츠||fork||738
뜬금없이 고백해도 이해해 줘||최혜령||fork||359
그 해 겨울||아프로디노 (Afrodino)||fork||262
Mr.Robbin||Blow by Blue||fork||928
한글날 노래||셀프어쿠스틱||fork||6
무지개 다리 너머||차가운 체리 (Cold Cherry)||fork||12
소중한 그대에게||소각소각||fork||234
하늘을 나는 자전거||여울비||fork||373
사랑의 눈동자||강촌사람들||fork||991
햇살 속의 너 (Feat. 김수현 of 하파데이)||어쿠스틱 프로젝트 (Acoustic Project)||fork||738
구멍으로||평범한 사람들||fork||706
우연이라도||어쿠루브||fork||377
깊은 호수||배영경||fork||88
하루 일과를 마치고||주영 (3-0210)||fork||128
질러봐||김대훈||fork||366
선물||양소정||fork||249
잘해줄 필요 없더라||ILDO||fork||346
작은 손길이라도 (Demo Live)||하경태와 동영심||fork||954
등불||김만식||fork||586
고요를 위하여||김두수||fork||216
The Season||Neo Franco||fork||759
바다로 가는 버스||조성일||fork||357
너의 멜로디||Cotton Factory (코튼 팩토리)||fork||940
편두통||황재웅||fork||164
가까이 하기엔 너무먼 당신 (이광조)||유청운||fork||403
우리의 온도||조인 (ZOIN)||fork||874
오가네소머리국밥||스프링스||fork||995
괜찮은 척||여우들||fork||172
나도한입만#라면#야식#존맛#비굴#우정과한입사이#먹방#푸드#방송#배경음악#써주세요||허니베어 (HoneyBear)||fork||444
달라떼 (Feat. 지훈)||한채윤||fork||452
너에게||튜즈데이 (tuesday)||fork||880
Going To New York||한대수||fork||652
그 겨울의 찻집||위일청||fork||566
가까이 하기엔 너무 먼 당신||위일청||fork||101
낡은 골목길 (Feat. 리라)||달달한 보리차||fork||436
LALALALA||iamnot||fork||384
아주 가만히||플레이버 드림 (Flavor Dream)||fork||763
Merry Christmas||Somebody's Tale||fork||532
향||BoYA||fork||506
아직, 있다.||루시드 폴 (Lucid Fall)||fork||855
Spoken Introduction By Red Holloway (Live At The Roxy, Los Angeles / 1976)||John Mayall||fork||756
사랑해요 (박통일 Solo)||점잖은 원숭이들 (Gentle Monkeys)||fork||905
민수||차민수||fork||91
연애하고 싶다 (Feat. 류승주)||이가을||fork||85
내 맘을 왜 몰라||신보연||fork||551
바람도 고향 바람은||윤승재||fork||844
뷰티풀 걸 (Beautiful Girl)||주예인||fork||589
루돌프 (Feat. 깜악귀)||최영두||fork||568
천원짜리 자전거||없는살림에||fork||728
날아가라네요||모던다락방 (Modern Darakbang)||fork||988
보리밭||김원영||fork||374
끝이 없는 밤을 지나||김나연||fork||34
My Sweet||피그말리온 &amp; 파랑망또 &amp; 리니대디 &amp; 임초롱||fork||145
널 위한 노래||Bom.K||fork||635
문밖에 있는 그대||박강성||fork||255
The Last Love||ET (김범주)||fork||492
어떻허코||박주연 &amp; 박혜원||fork||641
안녕에 안녕||감성소년||fork||493
청춘의바다||주완||fork||193
좋겠네 (I Wish)||호윤 (클로젯)||fork||418
호수길 (Vocal 박연)||시오의 방(CO's Room)||fork||190
힐끔힐끔||이레이 (E_Ray)||fork||188
메리크리스마스||수상한 커튼||fork||781
사랑 참 아프다||이원||fork||16
복잡해||슬로우이펙트 (SlowEffect)||fork||719
잠깐 눈물 좀 닦고||별이삼우물정||fork||869
말하지 않아도||일단은 준석이들||fork||606
완벽해 (Feat. 수하)||여우들||fork||168
서툰 설레임||김대훈||fork||439
빈센트연가||이상한계절||fork||264
여긴 아직도||신상우||fork||584
잃어버린 40일||소소한 프로젝트||fork||120
그래도 행복했네 (Feat. DW)||J n joy 20 (유준상 &amp; 이준화)||fork||133
이제 다시||무적기타||fork||519
바람이 분다||안소연||fork||776
암연||하윤주||fork||898
떡볶이와 파스타||살두와 마흥이||fork||302
Remember (Feat. Cline)||Huge Box||fork||478
우주||사람또사람||fork||952
괜히 봤나봐||이하늘||fork||222
인형 (Rearranged)||월차밴드||fork||456
그냥||임세윤||fork||357
Ain't That A Shame||Billy Jones||fork||435
주사 (酒事)||안선진||fork||936
사랑역||배승민||fork||118
헛소리 하지말고 빨리 자 (Feat. 호현)||Umbie(엄비)||fork||389
이런 계절||호와호(howaho)||fork||324
Still I Miss You||모자||fork||58
미쳐버릴 것 같아||임우진 &amp; LAKTA||fork||311
없네||조인 (ZOIN)||fork||671
운수 좋은 날 (박말리 Solo)||점잖은 원숭이들 (Gentle Monkeys)||fork||241
찼는데 차였다 (Feat. 감성소년)||은빛||fork||132
소리친다 (Feat. J - Clef)||패스포트 (Passport)||fork||389
나무가 부르는 노래||나무엔||fork||303
욕봤데이||씨홀리 (C.Holly)||fork||163
낯선방 (Feat. Rayg &amp; 문재석)||J2S Music Studio||fork||921
바람아||더 그리다||fork||72
생일축하노래||축하사절단||fork||947
그 사람 (유진우 &amp; 박세연 &amp; 황지원)||유진우||fork||741
But(友)||최혜령||fork||427
그대 떠나는 길에||흐림||fork||476
가을제주||배영경||fork||78
클랩함 정션으로 가는 길||정새난슬||fork||731
불타는 사랑||윤필||fork||847
어쩌다 나는||한순||fork||729
보이나요 (Feat. 시진)||어떤사람A||fork||531
아마도, 우리||강예준||fork||841
어린시절||기우현||fork||364
모른다||이광석||fork||485
가을쯤에 걷는 길||도넛트리 (Doughnut Tree)||fork||440
우연히 그대를 (With 장규철 &amp; 최정은)||위시트리 프로젝트||fork||301
넌 정말 몰라||안슬희||fork||578
연필로||소각소각||fork||296
주름||진채밴드||fork||287
밤길여행||김연은 (Kim Yon Eun)||fork||972
Slow Fit||양동훈||fork||18
꽃을이루다||윤슬||fork||328
Love Recipe (Feat. 나라)||이경근||fork||582
With You||이경환||fork||632
Song Of Fall||LambC (램씨)||fork||376
기.다.림.||Bang-FLy (뱅-플라이)||fork||343
하오||오뉴월||fork||646
나의 여인아 (Won't You Change Your Mind)||뷰티핸섬 (BeautyHandsome)||fork||374
너라는 계절||더필름 (The Film)||fork||39
그대만 있으면 돼||이길승||fork||217
바람이 이어폰을 스칠때||빗물 사운드||fork||66
날씨 좋아요||김민지||fork||727
나무가 있네||서동요||fork||39
가슴이 떨려||송인수||fork||554
Sail Away||Lunar-Hill (루나힐)||fork||676
내 노래는 푸르다||오빠친구동생 (BrotherFriendBrother)||fork||167
Galaxy||렐레카페(Lele Cafe)||fork||771
너무 아픈 사랑은 사랑이 아니였음을||버들피리 박장순||fork||49
카페에서||Various Artists||fork||296
심.쿵.송 (Feat. 성지현)||점잖은 원숭이들 (Gentle Monkeys)||fork||208
쌀국수 (Feat. Thuy Duong)||미식가요||fork||678
술술술||Asian Size||fork||396
널 그려본다||타이밍||fork||89
아직 생각나||여우들||fork||148
교문에서||방승호||fork||658
사랑하니까||이숙||fork||450
누가 이 비를 멈춰주려나||세모와 네모||fork||83
서울로 가는 길||양희은||fork||824
Early Reflection (Feat. 임지현)||EARLY MOON||fork||106
루시 (Lucy)||루시의 조용한 친구들||fork||271
She Will Be Loved (Live)||케빈오 &amp; 자밀킴||fork||310
사랑해||김희진||fork||481
Nothing Without You||이정 &amp; 10cm||fork||378
묻어버린 아픔||Various Artists||fork||444
울컥 (Feat. 김대연 of 3st)||Cruela (크루엘라)||fork||71
나무||하이디||fork||927
연극이 끝난 후 (영화 '친구') ('80 제4회 MBC대학가요제 은상)||Various Artists||fork||910
아 저기요||무적기타||fork||768
카라멜마끼아또 (With 장규철 &amp; 이시은)||정바스 (J.BASS)||fork||10
붉은꽃잎 (Acoustic Ver.)||MOA (모아)||fork||708
일기예보||세자전거||fork||439
사랑하는 마음||헬로봉주르||fork||3
너에게난 나에게넌||Various Artists||fork||48
너무예뻐||조인 (ZOIN)||fork||936
바람처럼||김기범||fork||538
낯선 하루||임시원||fork||876
생일 노래||김화수||fork||758
뒷모습||스텔라장 (Stella Jang)||fork||750
CUT||iamnot||fork||160
할머니||아임파인땡큐||fork||948
꼭꼭 (Feat. 가연)||궈니||fork||397
바닐라 라떼 (Feat. 정다은 of 피그말리온)||최준호||fork||117
여우비||폴버드 (Fallbird)||fork||999
넌 마치 (Feat. Diffel)||희연||fork||268
Control||몽양||fork||665
Dear My Friend||점잖은 원숭이들 (Gentle Monkeys)||fork||843
I'm Still There In My Sleep||Emma &amp; Haze Moon (헤이즈 문)||fork||279
아이스크림||미스 바게트||fork||959
칠리소스 (Feat. 로드스꼴라 5기)||그래||fork||228
풍경 (Feat. 노하준)||이정배||fork||204
가을엔 전어||너와 나의 21세기||fork||978
우산을 잃어버렸어 (Vocal 인우)||Cotton Factory (코튼 팩토리)||fork||23
여전히 그대를...||현성||fork||184
달||칼리아||fork||559
너와 나, 우리 둘 (Feat. 하얀)||혜래||fork||616
노래의 추억||가너타니||fork||663
고민하게 돼요||마멀레이드 키친 (Marmalade Kitchen)||fork||944
우리가 행복해 질때까지||쌍투스 (Sanctus)||fork||687
걸음||로우(Low)||fork||478
독백||일 포스티노 프로젝트||fork||397
행복하지||의인맨||fork||450
Love Me Do||장재인||fork||357
달까지 (To The Moon)||수혜||fork||517
Gimme a Chocolate||조정석||fork||53
정신과에 가||정선율||fork||262
오후 한 시 소나기||강상구||fork||795
Hey You (Feat. L1l Prince)||더 웨이 (The Way)||fork||304
아빠가 미안해 그리고 ... 괜찮아||존PaPa (John PaPa)||fork||511
Goodbye Summer||파인 (FiNE)||fork||804
아이의 꿈||파랑망또||fork||335
별 하나||박대정||fork||25
모래편지||헤이 달리 (Hey Dali)||fork||720
나에게 쓰는 편지||아무사이||fork||972
그대는||이진호||fork||491
Swan||Mamay||fork||979
잠이 오지 않는 밤(With 다란 &amp; 장규철)||위시트리 프로젝트||fork||60
좋겠다||Son Tae-joon (손태준)||fork||408
여름비||달롱마트||fork||105
아차차||강지민||fork||994
함께 한다는 것||조인어스(Joinus)||fork||635
요즘 같은 날에||무적기타||fork||934
Tokenai Ice (Feat. GUMI) (Inst.)||DQ||fork||24
까칠한 세상||공소야 (kong so ya)||fork||912
멀리||파마씨 (Pharmacy)||fork||417
위로||심플레이트 (Simple Rate)||fork||76
예뻐, 멋져 (커플송)||감성소년 &amp; 달콤 (Dalkom)||fork||965
평양냉면||미식가요||fork||593
이제 같이 마셔요||권변화||fork||477
기울어졌어||안슬희||fork||100
어른 아이||마술상자||fork||835
모두 잘 있길 바래요||전찬준||fork||920
꿈꾼다||밴드 그릇||fork||736
사랑의 이야기 (Love Story)||Various Artists||fork||734
두마음||이석||fork||808
경주로망스||하늘호||fork||917
의자||백자||fork||729
너는 지금 잘 살고 있어||별이삼우물정||fork||566
필요해||헬로우조조 (hello jojo)||fork||876
싱글플레이||호플레이 (HoPLAY)||fork||415
잘자, 너||EARLY MOON||fork||929
주말쉼표||조이 (JOY)||fork||139
스마트폰 (Smart Phone)||한동훈||fork||424
뷰티 인사이드||윤종신||fork||656
꽃이 지네 (Feat. 문선해)||백스프||fork||53
강가의 아침 (Le Matin Sur La Rivere)||김광한||fork||938
I'm In Love With You||안재형 (Jae-hyung Ahn)||fork||633
사랑가||호란 (Horan)||fork||855
앙고라||이룬||fork||610
하늘보면서||사투리킴 (Saturi Kim)||fork||764
어두워||좋은 사람||fork||134
뭐하니 (Feat. 진준왕)||전지애||fork||26
오랜 나의 바다||더 그리다||fork||660
하와이로 가고 싶다||마리슈||fork||517
바야흐로 맥주 (진한 맛)||옆집 남자 (A Boy Next Door)||fork||416
우리 결혼해요||김상오||fork||277
같은우산||조인 (ZOIN)||fork||395
우린 서로 다른 시선에||모텔 노스텔지아||fork||983
팝콘남||소각소각||fork||930
너를 만나기 위해||팀 펫레스큐 (로이킴 &amp; 배다해)||fork||431
너를 만든다||멜로우스푼 (Mellouspoon)||fork||683
마음이 편해지는 노래 (Original Ver.)||닥터처방전||fork||85
백수와 백조 (Feat. 다해)||노키 (Noki)||fork||703
이제는||석찬수||fork||7
Walking Blues||젠 (Zzzn)||fork||154
옥수수||피터아저씨 (Uncle Peter)||fork||954
바닷가 (With 이우진)||달동네뮤지||fork||543
수은등||김연자||fork||554
그대 눈을 바라보면은||무적기타||fork||772
바람의 시작||프리홀릭||fork||302
취중고백 (Drunk Confession Of Love) (박테리아 Solo)||점잖은 원숭이들 (Gentle Monkeys)||fork||599
우리는 오늘 사랑을 놓아요 (Feat. 백현정)||임인택||fork||866
여보세요||아몬드||fork||74
생각중...||루진||fork||854
여름밤 소나기||하 수상||fork||115
Hayfields||소냐 최 (Sonia Choi)||fork||824
비가 내린다||주영 (3-0210)||fork||418
여름춤||양의영||fork||990
Do It (Feat. 강이채)||iamnot||fork||709
그 이유 만으로||금상욱||fork||471
여름밤 소나기 (Summer Night Showers)||정흠밴드||fork||672
너 늙어봤냐 나는 젊어봤단다||장병우||fork||343
외출||김선영||fork||408
커플||Tea-pot (티팟)||fork||497
꽃잎||강고은||fork||726
별빛 바라보다||이용진 &amp; 신현경||fork||820
오 나의 그대여||양의영||fork||970
너 정말 예쁘다 (Feat. 황정연)||일루와 밴드||fork||438
예뻐||신지민||fork||89
겨울연가 (25 Days, Winter) (2015 Ver.)||박동영||fork||411
Thinking About Human||헤피씰 (Hepysseal)||fork||716
여름 한 철 베짱이||임우진 (Lim Woojin)||fork||774
내 노래가 나온다면 (Feat. 유효림)||박찬호||fork||646
You're My...||Mojo||fork||173
미치도록 보고싶다||일곱시쯤||fork||249
처음부터 널||이매진 (I:magine)||fork||600
결혼은 하니||흐림||fork||301
침묵||빌리카터 (BILLY CARTER)||fork||11
별이 되어||스테이시 (Stacey Sang)||fork||907
Daddy (Feat. Ming)||일 포스티노 프로젝트||fork||682
마음의 종이 (Feat. 정민 of 보이프렌드)||를 (LEL)||fork||877
산이 (Goodbye My Doggy)||혜영||fork||196
가로수길 그날 밤||오준호 (Oh JunHo)||fork||760
밥을 먹어요||장재인||fork||542
집 밥 (SBS '아빠를 부탁해' 삽입곡)||램즈||fork||100
바라만봐도||모던다락방 (Modern Darakbang)||fork||104
독도송 (독도등대)||윤필||fork||286
니가 참 좋다||신의||fork||668
너에게 (With 최지윤)||혜지박||fork||953
없어||강고은||fork||314
혼자서 하는 노래||Mr.Bg||fork||587
별그림 달그림 널그림||물감상자||fork||60
마지막 가을의 오후||로맨스 초이||fork||963
겨울술잔||닥터엔젤 (Dr.Angel)||fork||24
밀크티||조금 가까운 사이||fork||176
니가 너무 좋아||어커시브 (Acoussive)||fork||126
질투||정영근||fork||237
Jack's Bong+뱃사람에게||정영근||fork||736
대구의 추억||구본석 &amp; 김강주||fork||882
원숭이 바나나 나무 위에 올랐네||점잖은 원숭이들 (Gentle Monkeys)||fork||355
커피하루 일곱 잔||악동뮤지엄||fork||170
백수||조인 (ZOIN)||fork||304
어머님의 60page||박형||fork||425
오뉴월쯤||더 그랜드 &amp; Aries||fork||288
Coffee &amp; Tea||에디킴 &amp; 솔라 (마마무)||fork||812
따스따스||소통||fork||701
하얀나비||김정호||fork||526
너는 꽃이다||편한남자||fork||64
봄날처럼 (Feat. 라니라니)||피터프로젝트||fork||783
내 눈 앞에 (With 그레이스 신)||Plain Bagels (플레인 베이글스)||fork||358
You Don't Have To Worry (김연아 맥심 화이트골드 광고 TV CF)||칼리아||fork||238
그런 날에는||장필순||fork||215
Drunken Rocket||보헤미안 엑스 (Bohemian X)||fork||518
Find The Rainbow||힐링소년||fork||500
안녕, 내 첫사랑||멜로우스푼 (Mellouspoon)||fork||310
멜로라떼||낭만이다||fork||440
상수동밤거리||강고은||fork||350
널 그린다 (Drawing You)||티셔츠밴드 (Tshirtsband)||fork||663
클로버||외곬||fork||28
비오는 날이면 (On A Rainy Day)||박찬일 (Park Cha Nyle)||fork||822
가시나무||이경운||fork||604
그대 그리고 나||소리새||fork||542
미친 노래||영호||fork||931
Blue (Acoustic Ver.)||진대운||fork||283
그저그런하루||신상우||fork||454
뒤통수 (Remake 버전)||방구석 (Roomside)||fork||328
그대라면||The Ivory Coast||fork||202
거짓말하는거 다 알아||콜라보 앤 미||fork||163
니가조아||정다운뮤직랩||fork||757
맨 처음 고백||버들피리 박장순||fork||977
고향 생각||맷돌||fork||362
반길수 없네||벗들||fork||432
미소||리리온||fork||459
선구자||조영남||fork||217
I wanna||원셋 (1set) X 레이백||fork||59
애매한 사랑||이재철||fork||417
니가 머물던 계절||감성주의||fork||472
지구를 지켜라||민트그린 (Mintgreen)||fork||647
그대와함께 (Inst.)||Meccicco Sosegi (멕끼꼬쏘세지)||fork||392
밤걸음||존슨존슨 (JohnsonJohnson)||fork||928
굿나잇||NV||fork||72
3월의 그날||김미옥 (KIM MEE OG)||fork||988
아들 훈련소에 입영하던 날에||유영민||fork||229
내마음 몰랐을거야||홍선아||fork||291
난 아직 (With 다란)||위시트리 프로젝트||fork||24
12월 26일||유채린||fork||389
그래서 좋아||피그말리온 (PYGMALION)||fork||379
커피한잔||Eunho Jang||fork||146
해피버스데이||무적기타||fork||586
엄마가 딸에게 (Feat. Tymee &amp; 김규리) (Rap Ver.)||양희은 &amp; 김창기||fork||724
이젠 알아||좋은 사람||fork||332
예쁘다||유신 (디헤븐)||fork||792
Stay Tonight||로우 (Low)||fork||509
사랑 이게 사랑이 아니라면...||구본석||fork||961
거리에서||위일청||fork||536
새벽||박강성||fork||513
당신이 살지 않았던 세계||임정득||fork||915
잘 지내나요||수상한 커튼||fork||30
추억의 바람||윤필||fork||768
아버지/세상 모든 아버지들에게||유지연||fork||588
아빠의 노래는 별이 되어||조진원||fork||711
맘에들어||비노 (VINO)||fork||94
연||거북이손가락||fork||285
불면증||언니동생||fork||616
제비꽃||장필순||fork||783
감기 걸렸어||유의석 &amp; 임정민 &amp; 이명석||fork||745
꽃이 피는 날엔 (Feat. 윤하윤)||보닉 (BoniK)||fork||830
소금인형||노야 (Noya)||fork||390
어쩌면 사랑은||김신아||fork||772
Zzz||아프로디노 (Afrodino)||fork||470
아침의 달||김기봉||fork||479
좋아져요||여니||fork||794
토성의 고리||머쉬룸즈 (mushru:ms)||fork||684
모든 것은 지나간다는 것||이제형||fork||671
그 기억,아직 보고 있나요 (Feat. 신현영)||찬즈||fork||560
신창역 3월||이동재 &amp; 임충실||fork||91
종이 비행기||하사와 병장||fork||905
심쿵주의보||써니(소녀시대) &amp; 옥탑방 작업실||fork||610
가까이 와||소영이||fork||559
그린다||유능 (Yoo neung)||fork||555
무서운 시간||임우진 (Lim Woojin)||fork||475
하루 아침||All Stars||fork||954
두부||안아||fork||22
골목길 (2015 Blues Ver.)||엄인호||fork||592
이별가 (세월호 추모곡)||오덕화||fork||638
바람이 분다 (Acoustic Ver.)||방구석 (Roomside)||fork||969
작은리본||조동희||fork||926
미지에게 (세월호추모곡)||파쿠스틱 (Facoustic)||fork||376
저기요||소영이||fork||708
고사리장마||장필순||fork||20
다시, 봄||강승원 &amp; 김목인 &amp; 말로 &amp; 박혜리 &amp; 사이 &amp; 요조 &amp; 오종대 &amp; 정민아 &amp; 차현 &amp; 하이 미스터 메모리||fork||917
한사람||에픽사운드 와이디(YD)||fork||550
친구||논두렁 밭두렁||fork||337
나에겐 당신밖에||김인순||fork||749
내마음의 노래||이영식||fork||92
쉽지 않아요||윤희정||fork||744
저별과 달을||이수미||fork||78
고별||홍민||fork||199
진실||에보니스||fork||720
내 탓이지||이동하 (M.e)||fork||474
사랑이 오려나봐요||마멀레이드 키친 (Marmalade Kitchen)||fork||979
벚꽃보러가요 (Feat. O'Lee)||먼데이모닝||fork||189
봄이야||최택헌||fork||411
동네 한바퀴||박강수||fork||503
젊었다||투코리언스||fork||592
NEW APARTMENT||머쉬룸즈 (mushru:ms)||fork||446
어디선가 들어본 멜로디||태히언 (Tehiun)||fork||763
사랑은 환상이 아니잖아요||김연은 (Kim Yon Eun)||fork||905
사랑한 Day||붐비다밴드||fork||424
사랑이란거||그린망고 (Green Mango)||fork||369
사랑 소수자||김한글||fork||434
넌 나에게||우물안 개구리||fork||846
Wanna Be Romantic||파인 (FiNE)||fork||316
한그릇송 (Feat. 전상준)||휘니크||fork||791
참치||주영 (3-0210)||fork||939
밀크티||Son Tae-joon (손태준)||fork||618
이별의 새벽길 (Ticket To Ride)||키보이스||fork||681
아침을 기다리며||윤명운||fork||789
테레사||윤명환||fork||189
솔개||이태원||fork||528
봄 다음 겨울||허니핑거식스 (Honey Finger 6)||fork||834
4월에||김시영||fork||421
네게 하려던 말||붐비다밴드||fork||951
벌,꽃,봄은 나에게||Crazymilk||fork||59
사과송||수요일밴드||fork||882
너이길||김상구||fork||234
눈빛으로||이씬||fork||948
나는 절대 포기안할래 (Feat. 조아영)||찬즈||fork||144
낙화||푸른솔 (Prsol)||fork||752
오 잠시만 오 어떻게 해||붐비다밴드||fork||534
Can I Forget You / Smoke Gets In Your Eyes||스테이시 (Stacey Sang)||fork||288
Matrimonio||일 포스티노 프로젝트||fork||477
당신은 몰라||He5||fork||988
세상을 산다는건 (Marry Me)||써지||fork||715
너에게||비월밴드||fork||265
데려다 줄 수 없어 (Feat. 차수민)||스무살||fork||543
우리사이 (With. 성주)||연희동배짱이||fork||894
It's Raining (Feat. 버벌진트)||스텔라장 (Stella Jang)||fork||361
콩딱콩딱 (Accustic)||나무기타||fork||346
밤은 우리의 친구||하야로비||fork||451
나를 사랑하는 사람 (Acoustic Ver.)||하야로비||fork||427
나의 봄||뭉클 (MOONKLE)||fork||487
그옛날처럼||이성애||fork||350
가는세월||윤필||fork||708
봄노래||무적기타||fork||24
굿바이 스트레스||닥터처방전||fork||999
뜬구름||너무나무||fork||376
들국화||정슬아||fork||782
모든 날개 있는 것들을 위하여||이웃 (Iut)||fork||183
아리랑-희망가 (Acoustic)||질로 (Jillo)||fork||418
그곳에서||라나타나||fork||71
좋아좋아해||김한라||fork||701
아버지 칠순잔칫날||김진평||fork||222
White Road||더 키친||fork||951
아이야||윤필||fork||179
빛나는 해피불||동휘스님||fork||933
나 그대에게 모두 드리리||이장희||fork||57
나비||박강수||fork||242
그대와 그렇게 (Feat. 박경호 &amp; 백현정)||임인택||fork||143
운수 좋은 날||하 수상||fork||483
마리아 마리아||김도향||fork||285
진이씨 고마워||강영주||fork||524
차가운봄 (Feat. Jaehee)||하현곤 팩토리||fork||734
날씨가 좋아||던킨밴드||fork||508
석촌호연가 (Seokchon Lake Love Song)||홍민의||fork||94
사랑 고파기||번개소리사||fork||437
콩나물국만 먹는 이유||하늘소년||fork||290
잘한 일일까||조동희||fork||707
웃으며 살자||장철웅||fork||739
바람에||조은희||fork||460
봄날의 예고편||임우진 (Lim Woojin)||fork||168
뒤늦은 후회||임영수||fork||442
그대에게서 멀어지는 여행||리노 (Rino)||fork||415
Ritornello (Feat. Franzese M.)||일 포스티노 프로젝트||fork||785
Vocalife||보카보카||fork||451
사월의눈||백합유리잔||fork||810
너 늙어봤냐 나는 젊어 봤단다||서유석||fork||358
산책||양희은 &amp; 이상순||fork||468
지난겨울||정지선||fork||764
그대여||김연은 (Kim Yon Eun)||fork||888
좋아좋아 리턴즈||나들||fork||938
한여름밤의 꿈 (SBS '정글의 법칙' 삽입곡)||권우유와 위대한항해||fork||844
긴밤||낭만이다||fork||316
꿈을 본다 (Narr. 2014 화목초 6학년)||미스 바게트||fork||983
솜이불||르마 (Lemar)||fork||279
My Girl||유리목||fork||540
사랑하는 마음 내게 있어도 (Feat. 노래소풍 엄마와 아이들)||신재창||fork||913
아파요||김범석||fork||984
행복 (Feat. 노래소풍 엄마와 아이들)||신재창||fork||734
눈 온 아침 (Remastering Ver.)||신재창||fork||888
가끔은||노민우||fork||744
연가 (Acoustic Ver.)||김희진||fork||864
꽃이 진 후에||신남영||fork||89
그래도 나를 사랑해주기를||고갱 (GoGang)||fork||189
기분이 좋아||High Spirit||fork||203
Reve Evanoui||장똘뱅이밴드||fork||977
내꺼 해요||김그림||fork||995
그녀에게||수상한 커튼||fork||54
연가||김희진||fork||871
파편||데이 (Day)||fork||13
사랑합니다||안소연||fork||489
다녀왔습니다||임우진 (Lim Woojin)||fork||21
지금은 헤어져도||Various Artists||fork||57
술 한잔해요||이쏭 (E-Ssong)||fork||402
새벽은 공기가 차가워||이쏭 (E-Ssong)||fork||867
여기 이곳에||소풍||fork||738
오늘||노민우||fork||956
My Love||에디킴||fork||526
종점 (With 한거성 &amp; 허재경)||비앰 (BM)||fork||410
Beautiful Child||SODACOSMO||fork||268
뫼비우스||윤진효||fork||605
바람에게 부탁해 (I Wish...)||신유나||fork||267
떠나요||필박||fork||617
집으로 돌아가겠소||박종철||fork||497
꽃미남이 필요해||이선율||fork||256
돈가스맨||덤덤라디오 (Dumdumradio)||fork||357
귀여워||최낙타||fork||679
권태 (Feat. 란도) (Full Ver.)||멜로우슬립 (Mellow Sleep) &amp; 쥬마루드 (Zumurud)||fork||189
눈꽃처럼||Cotton Factory (코튼 팩토리)||fork||716
가슴앓이||Various Artists||fork||464
여기서||일 포스티노 프로젝트||fork||895
키스하지 말걸||이상한계절||fork||980
Once You Move (Acoustic)||Juni Kim||fork||501
씨앗 (Try)||Yun (강동윤)||fork||176
On The Earth||모호 프로젝트||fork||612
빙빙도는 인생||연리지||fork||473
눈이 내리네||무적기타||fork||349
그대가 다가온다||아노 (ANO)||fork||854
혼자 걷는 길||임우진 (Lim Woojin)||fork||61
비포장 시대||비포장 시대||fork||656
12월, 눈이 온다||이매진 (I:magine)||fork||749
겨울 (원제 : 겨울 한가운데)||노민우||fork||854
다음날 (Feat. 황고운)||Trout||fork||140
사랑은 이슬방울처럼||김연은 (Kim Yon Eun)||fork||51
사랑한다 말하면||방승호||fork||683
기분좋은 크리스마스||High Spirit||fork||735
나를 던지는 동안||한채윤||fork||820
Share The Road||노이지버니 프로젝트 (Noisybunny Project)||fork||367
Feel LOVE (러브송)||달콤 (Dalkom)||fork||684
찹쌀떡||엔틸드||fork||910
젓가락||이재성||fork||326
달나라||이용수||fork||950
사랑맺음말||윤한별||fork||658
황제의 꿈||바람과 연||fork||653
세월이 가면||Various Artists||fork||664
집밥 (Special Ment.엄앵란)||여행스케치||fork||962
잊혀지겠다||안소연||fork||653
힘이 돼줄게 (My Angel)||김그림||fork||485
Merry Christmas||최영태||fork||407
댄싱 투게더 (W 투스토리)||김희선||fork||91
나의 사랑 우쿨렐레||리탁||fork||897
거지 소녀||선하||fork||759
봉명동 6-32번지||파쿠스틱 (Facoustic)||fork||838
커피 그대가 꽃입니다||방승호||fork||537
기억 (Feat. Grey Kei)||Hoggy||fork||999
일어나||김광석||fork||692
겨울바람 2014||세자전거||fork||699
행복합니다||노민우||fork||169
메리 크리스마스 (Merry Christmas)||이어 터치 (Ear Touch)||fork||144
사랑에 대하여 Live (On Love)||정형근||fork||169
마지막 순간까지도||한채윤||fork||843
바다별||김도연||fork||60
솔로크리스마스||블루톤 (BlueTone)||fork||480
얼굴을 감춘 나무||손범||fork||420
고마워||소영이||fork||992
DEBUT||신유나||fork||17
너에게로 난||김태령||fork||682
감자탕 로맨스||무적기타||fork||41
성탄절||김태춘||fork||694
달려라 직장인||원두||fork||384
Wind Bomb||마쌀리나||fork||835
하루만이라도||나단 (Nadan)||fork||918
너의 편||한영애||fork||296
초연||Various Artists||fork||94
너여야만 해||채환||fork||371
자랑||곽진언||fork||313
별이진다네 (Acoustic Ver.)||김정은||fork||430
행복||지안||fork||932
몰린||윤종신||fork||789
애인을 구합니다||베이징덕||fork||744
딱꼬집어 (Feat. 지호)||정다운뮤직랩||fork||58
Evergreen (Vocal:김경은)||Spring Voice||fork||990
모락모락||김하얀||fork||261
행복하라는 말||김동균||fork||326
니곁에그사람||Dna||fork||621
가을||박한배||fork||562
그대로 있었으면 좋겠네||김대성 스테파노||fork||61
하얀 손수건||부활||fork||919
가을 타기||옥수사진관||fork||193
나는 당신이 참 좋습니다||시를 노래하는 사람들||fork||99
노래를 그리다||일곱시쯤||fork||935
시골이야기 (Feat. Peter B &amp; Sally &amp; 밝을녘 &amp; 발롱)||Slowly Speaker||fork||772
그대와함께||멕끼꼬 쏘세지 (Meccicco Ssosegee)||fork||839
동화역||나들||fork||390
노래는||양양 (Yangyang)||fork||157
넌 내게 가을||낭만이다||fork||351
빈대떡신사||서수남 &amp; 하청일||fork||568
희망 (500인의 합창)||이승훈||fork||845
바람이 분다||김필||fork||28
사랑으로||벤||fork||685
내고향 성산포||양정원||fork||361
만두라면||무적기타||fork||588
Nightly||비너스 (Venus)||fork||18
통로||옆집 남자 (A Boy Next Door)||fork||881
꿈의 대화||Various Artists||fork||783
왜 (Feat. NY물고기)||안수지||fork||118
해 질 무렵 한 시간||홍광현 BAND||fork||568
사랑이란 건 (New Ver.)||소풍||fork||429
그 뜨겁던 이십 대||폴라로이드||fork||563
야경||김거지||fork||423
내일이 찾아오면 2014||세자전거||fork||808
꽃이 피기까지||노바샘||fork||517
바다||노민우||fork||375
니가 나를 좋아하지 않는 50가지 이유||미스 바게트||fork||799
가슴앓이||Various Artists||fork||104
이름 모를 소녀||Various Artists||fork||892
옛시인의 노래||Various Artists||fork||765
House Of The Rising Sun||Spring Voice||fork||64
샌디에고 (Guitar Feat. 레이윤 of 신나는 섬)||스무살||fork||401
주희 (Feat. DJ SHININ'STONE)||닥터엔젤 (Dr.Angel)||fork||695
따뜻한 장난||선하||fork||794
Grassland (초원)||프리홀릭||fork||536
기분 좋은 날 (모닝송)||달콤 (Dalkom)||fork||757
얼굴||이제형||fork||334
새벽||소영이||fork||505
Home||로이킴||fork||915
걱정말아요 그대||곽진언 &amp; 김필||fork||372
너만 보면||슬로우이펙트 (SlowEffect)||fork||652
사랑의 눈동자||최성백||fork||781
희망||이승훈||fork||150
길||Sung Jin Kim||fork||651
Rain On Me||조형우||fork||613
She Is Back||Standing Egg (스탠딩 에그)||fork||478
그길을 걷네||Hoggy||fork||511
걱정을 말아요||윤항기||fork||530
그렇게 늙고 싶지 않아||블랙콜 (BLACKCALL)||fork||232
달고나||물감상자||fork||2
초연||Various Artists||fork||321
한사람||강촌사람들||fork||384
No Tobacco||김그림 X 방승호||fork||726
너 좋아해? (With. 김영찬)||윰 (Yoom)||fork||641
독작 (獨酌)||Sygads23rd||fork||225
너에게 난 나에게 넌||Various Artists||fork||304
가시나무새||Various Artists||fork||722
어제 차이고||스텔라장 (Stella Jang)||fork||46
Phone||이용진 &amp; 신현경||fork||460
잔상||댄디남||fork||462
봄밤||전효진||fork||889
사람들||김진호||fork||205
애인을 구해봅니다||무적기타||fork||321
마중||김희진 &amp; 추가열||fork||529
하고싶은말||연희동배짱이||fork||539
알고있나요||오소록||fork||165
소풍같은 인생||추가열||fork||886
Baby You||Big Baby Driver (빅베이비드라이버)||fork||888
나 말고 모두 다||유승우||fork||604
민군||김대완||fork||516
사랑의 시||해바라기||fork||125
찬비||하수영||fork||434
서둘러 보내다||치즈달||fork||853
어제의 노래||배영경||fork||356
양파와 춘장||안효리||fork||730
서른이야||박혜경||fork||315
편히 잊을수 있게||김대완||fork||420
빨간약||나들||fork||58
봉스 비어 블루스||김거봉||fork||314
행복한 사람||조동진||fork||882
내 곁에 있어주||장계현||fork||474
신라의 달밤||은방울||fork||653
물냉 VS 비냉||무적기타||fork||194
눈물도 아까운 놈||허니핑거식스 (Honey Finger 6)||fork||445
빛 (A Person Of Light)||Yun (강동윤)||fork||352
The Dance||Various Artists||fork||66
같은 이름||감성소년||fork||612
한강의 로망스||서지석||fork||167
지금 만나러 갑니다||임우진 (Lim Woojin)||fork||603
I Wanna Fly (날고 싶은 소년의 이야기)||고갱 (GoGang)||fork||748
고물상자||씨홀리 (C.Holly)||fork||62
그대가 있음에||김은영||fork||604
Happy Birthday||5who||fork||153
대부||조영남||fork||488
잘자요 내사랑||소은||fork||411
Woods||세인 (Seine)||fork||903
여름밤에||김그림||fork||248
가슴앓이 (한마음)||Various Artists||fork||291
그네||김과리||fork||608
살다보면||김나은||fork||664
오래된 기타맨||제준성||fork||912
너는 나||음악일기||fork||282
안 돼||Rainblues||fork||70
Do You Love Me||Various Artists||fork||832
이별.. 만남..||배재화||fork||420
내 맘에 딱||슬로우이펙트 (SlowEffect)||fork||495
자정이 훨씬 넘었네||Various Artists||fork||306
행복의 나라로||한대수||fork||734
그댄 봄비를 무척 좋아하나요||배따라기||fork||668
Darling||에디킴||fork||294
나 이곳에서||바닥프로젝트||fork||929
운동회||유진우||fork||580
그린라이트||칸나||fork||411
행복의 나라로||한대수||fork||905
은지||Various Artists||fork||965
저 꽃 속에 찬란한 빛이||박경희||fork||309
아름다운 이 세상||원추소랑||fork||10
우리끼리 손난로||사이드 포니테일 (Side Ponytail)||fork||196
행복의 나라로||한대수||fork||304
토요일 밤에||김세환||fork||668
나의 우주||이매진 (I:magine)||fork||764
그저 바라 볼 수만 있어도||유익종||fork||440
그대로 그렇게||휘버스||fork||204
섬 (D Island)||지헤라 (Z.HERA)||fork||786
이젠 안녕 (Feat. 오카리나 채리선)||이지에프엠 (EasyFM)||fork||865
짜장면 먹을까? 짬뽕 먹을까?||무적기타||fork||223
나를 위해 너를 위해||노민우||fork||975
가시나무||이경운||fork||333
잠깐만요||추가열||fork||747
Good Day (좋은날)||블루웨이브 (Bluewave)||fork||80
해바라기 연가||전언수||fork||399
너를남기다||남기다밴드||fork||535
고향 가는길||윤지영||fork||928
가슴앓이||Various Artists||fork||708
Sunshine||일곱시쯤||fork||939
십년은 젊어보여요 (Feat. 무적기타)||PD블루||fork||956
Trace||이호||fork||417
Story Of Country||이호||fork||799
핑계||나들||fork||509
My Way||윤태규||fork||951
시인의 마을||정태춘 &amp; 박은옥||fork||452
두 사람분의 세상||저녁||fork||639
내가 첫 번째였음 좋겠어||좋아서하는밴드||fork||461
편안한 사람들||김과리||fork||150
통일바보||조영남||fork||614
이젠 사랑 할 수 있어요||Various Artists||fork||622
응원가 (환호의 밤)||윤필||fork||402
인천항 제1부두 (세월호 추모곡)||박완석||fork||147
찬비||Various Artists||fork||336
촛불||Various Artists||fork||737
옛시인의 노래||Various Artists||fork||671
The Flight Of The Bumble Bee (Action Ver.)||제이크 리 (Jake Lee)||fork||803
가버린 친구에게 바침||Various Artists||fork||457
추억||이상||fork||908
보내야만 남는것들||이성현||fork||608
사랑하는 그대여||김선동||fork||239
나의 계절||남경민||fork||738
연애는 어려워 (Feat. 박혜원 &amp; 이미래 &amp; 정효진)||리틀티 (Little-T)||fork||786
붉은노을 (Vocal 김상우)||신촌 블루스||fork||238
Everyday (Feat. 박현일)||Makeline||fork||633
내 마음의 보석상자||Various Artists||fork||187
노란 샤쓰의 사나이||Various Artists||fork||226
사랑했어요||Various Artists||fork||615
불 꺼진 창||Various Artists||fork||376
불 꺼진 창||Various Artists||fork||662
추억 속에서 만나요 (Feat. 이승환)||메이플라워 (Mayflower)||fork||210
왈츠 (Happy Virus)||이미숙||fork||896
희망 세상 만들기||채환||fork||57
넌 이기적이야||더 페인트 (The Paint)||fork||418
Lunatic Fantasy||이주현||fork||437
노란 리본 (Feat. 김광식)||리플 (Reply)||fork||120
데칼코마니||조송근||fork||952
봄||배재혁 (BG Papa)||fork||218
길바닥 그녀||열살||fork||127
봄이 오면||품 (Poom)||fork||828
우산은 하나||박준면||fork||421
영화보러 갈래요? (Feat. 김민지 &amp; 김은지)||FROM.U||fork||150
첫사랑||하루종일||fork||851
서울에서 평양까지||홍수철||fork||868
고래사냥||송창식||fork||677
세월호 추모곡 '제발돌아와'||윤필||fork||527
마의 산||스몰오 (small o)||fork||378
5월의 밤||음악다방||fork||190
작은 위로||이매진 (I:magine)||fork||883
The Fire Bird||루브르젠스키 (Rubrezensky)||fork||117
이젠 사랑할수 있어요||최명철||fork||557
Queen 연아||신현대||fork||987
나의 노래||바드 (Bard)||fork||426
Bloodstained Sweater (Feat. LEGO)||마이 옐로우 (My Yellow)||fork||467
인생은 미완성||이진관||fork||264
한동안 뜸했었지||사랑과 평화||fork||284
그리움만 쌓이네||Various Artists||fork||526
엄마야||노민우||fork||294
나비||버킷리스트||fork||308
바람이 불어오는 곳||Various Artists||fork||949
짜장면 총각||무적기타||fork||45
마음가는 중||김희진||fork||720
바람은 강물을 만났을까||고찬용||fork||972
고개를 숙인 사람||해바라기||fork||161
님 그림자||노사연||fork||467
에헤라 친구야||정태춘||fork||664
옛시인의 노래||선우혜경||fork||563
커피한잔의 여유||빗물 사운드||fork||559
밀당의 고수||에디킴||fork||546
너의 친구||이매진 (I:magine)||fork||831
미안해 사랑해||전태형||fork||948
바보||윤형주||fork||657
솔아 푸르른 솔아||안치환||fork||48
나비소녀||들고양이들||fork||555
꿈을 먹는 젊은이||남궁옥분||fork||547
옛시인의 노래||한경애||fork||619
그대로 그렇게||열기들||fork||351
친구야~ 친구||박상규||fork||227
사랑 찾아 떠난 김서방||422 Project||fork||680
가을비 우산속||최헌||fork||157
사랑을 잃어버린 나||이광조||fork||377
남남||최성수||fork||146
그대로 그렇게||이명훈||fork||457
줄리아||이영복||fork||155
연가||해바라기||fork||530
고래사냥||송창식||fork||417
제비||조영남||fork||658
님 그림자||노사연||fork||574
옛 시인의 노래||Various Artists||fork||797
황사||심현보||fork||968
Puff The Magic Dragon||Spring Voice||fork||155
소심한 궁금증||자전거 탄 풍경||fork||358
2 Years Apart||에디킴||fork||195
설거지||분홍 돌고래||fork||812
혼자 사는 시상 아이래요 (강원)||박순동||fork||466
소금꽃 나무||임정득||fork||344
자유로운 세계||임정득||fork||63
안녕새내기||전태익||fork||480
초연||이경운||fork||985
그대 그리고 나||강촌사람들||fork||625
You Run||시보롱보롱 (siborongborong)||fork||481
Stay||이원||fork||891
Lazy Girl||조은희||fork||276
넌 참해!||누리보듬 &amp; 스턴||fork||433
바람||아일랜드 기타 (Island Guitar)||fork||296
갈대의 순정||박일남||fork||54
꽃마차||은방울||fork||560
만리포 사랑||박경원||fork||356
아빠와 크레파스||배따라기||fork||786
옛시인의 노래||선우혜경||fork||650
사랑했어요||김현식||fork||213
무대책 카레송||이매진 (I:magine)||fork||642
미련||한희준||fork||999
두개의 시계||이두헌||fork||953
Your Word Is High (당신의 말씀은 높습니다)||대니황 (Danny Hwang)||fork||635
고래사냥||송창식||fork||392
타복네||양병집||fork||207
옛시인의 노래||선우혜경||fork||566
옛시인의 노래||선우혜경||fork||333
어느 60대 노부부 이야기||한대수||fork||713
너를 다 잊었어||어커시브 (Acoussive)||fork||695
아름다운 시절||최광순||fork||129
Oh My Love (Feat. 김상열 &amp; 이가은)||422 Project||fork||444
I Believe (드라마 '별에서 온 그대')||Various Artists||fork||240
씨스루||권진아||fork||331
님 그림자||노사연||fork||504
나뭇잎 사이로||조동진||fork||207
여고 졸업반||김인순||fork||27
별리||이연실||fork||981
시악시 마음||이연실||fork||929
아빠의 말씀||정여진 &amp; 최불암||fork||87
이젠 두렵지 않나요||김창기||fork||485
부러워 죽겠다||길냥이 아빠||fork||819
웃자||봉선이 프로젝트||fork||301
붕어빵||컨트리공방||fork||344
벚꽃 (Acoustic Ver.)||노민우||fork||891
나에게 이런 기저귀||분홍 돌고래||fork||63
ENCHANTE (만나서 반가워요)||옥상달빛||fork||38
비, 이별||라임그린 (LIMEGREEN)||fork||861
골든슈즈 (Run Run Run)||김관호(Danny K)||fork||32
내사랑 독도야||파란우산||fork||453
믹스커피||루와 (Luwa)||fork||963
나쁜여자||묘한나나||fork||944
Blind||힐링프로젝트||fork||698
백수였던 구남친에게||82번지점프||fork||51
원룸||고릴란드||fork||238
시인의 마을||정태춘||fork||623
직업병||수요일밴드||fork||61
Talk To Me||투개월||fork||582
카르페디엠 (Carpediem)||방영섭||fork||696
그냥 그냥 그냥||이매진 (I:magine)||fork||720
발렌타인 (Valentine)||새카만고양이||fork||477
길||J.S 소린||fork||587
나팔꽃 소년||J.S 소린||fork||820
그건 내가 아니었지||김토일||fork||563
다들 그렇게 살아요||장철웅||fork||860
섬||신남영||fork||122
입장차이||허니핑거식스 (Honey Finger 6)||fork||222
저기 저 나의 그림자||김형진||fork||773
긴머리 소녀||Various Artists||fork||600
눈 온 아침||신재창||fork||586
마녀 마쉬||Puer Kim(퓨어킴)||fork||732
우리 처음 만난날||이길||fork||994
지난 가을||금소리 (Km-sori)||fork||913
당신에게 건네는 담요||82번지점프||fork||557
Dreaming||슬로우이펙트 (SlowEffect)||fork||87
아무도 들어주지 않을 노래 (Feat. 윤영빈)||어니 (Uhnee)||fork||766
가끔은||노민우||fork||663
Long Night Stand||이하람 (Haram Lee)||fork||161
고마운 사람||임우진 (Lim Woojin)||fork||789
소리쳐||홍현기||fork||30
처음부터 널||이매진 (I:magine)||fork||896
길에 남기다||남기다밴드||fork||609
사랑, 내 인생||박현웅 &amp; BULLDOG||fork||918
바람이 분다||박마루||fork||875
마흔즈음에 (광석이형에게)||채환||fork||820
좋아, 그대||쵸비||fork||15
마지막 인사||정석환||fork||529
Let It Snoooow||우클린 (Uklin)||fork||246
이어도사나||양정원||fork||470
다음 날||허니핑거식스 (Honey Finger 6)||fork||494
104번 버스||자체휴강||fork||841
천체사진||좋아서하는밴드||fork||262
새봄바람||백합유리잔||fork||79
사랑해야 해||두남자||fork||864
그녀는 모르죠||임우진 (Lim Woojin)||fork||553
둘째번호 끝||박명희||fork||713
서른 즈음에||이태진||fork||30
모닥불||김세화||fork||958
사랑해||마음과 마음||fork||511
사랑하는 이에게||마음과 마음||fork||63
편지||송재호||fork||338
울산에 가자||현정||fork||687
청춘 (Radio Live Ver.)||투명||fork||421
널 찾아가는 밤||까미유||fork||994
죄를 지었네||약기운||fork||780
문자 투척||길냥이 아빠||fork||502
솔개||강촌사람들||fork||459
날개호흡||현진||fork||117
바닷가||박준화||fork||173
하얀종이||김현덕||fork||845
엘리자베스 타운||정대우||fork||448
소낙비||이연실||fork||980
돌아갈래||라이크||fork||799
설레임||꼼마||fork||480
그들이 사랑하기까지||신선비||fork||726
길을 묻다||블루스완 (BLUE SWAN)||fork||929
사랑을 해본게 언제쯤인지 (Feat. 박승준)||호우 (HoWoo)||fork||650
Arasharamnye||우진현||fork||389
Nothing Without You||여지효||fork||967
혼자||수요일밴드||fork||669
그대가 날||허만성||fork||986
TONIGHT||뮤자인 (Musign)||fork||994
마가이아옴||안혜경||fork||972
꿈은 이루어진다||어우러기 (Eoureogi)||fork||618
기다리다||은하수공장||fork||691
노을이 질 때||나무의자||fork||89
오! 고독해 (Oh! So Lonely) (Feat. 김목경 &amp; 시나에)||한대수||fork||907
당신이 없는 세상||죠커스||fork||268
산산히 부숴진 아침의 나라에서||추청년||fork||31
사탕같은 (Feat. 이진주)||미스터황||fork||762
What If||성수||fork||535
길 위의 사람들||방승호||fork||810
Shall We Dance (Feat. 스탠딩에그)||박세영||fork||742
행복한 미소로 만나리라||이창휘||fork||998
녹여요||진서||fork||755
가위 바위 보||송창식||fork||205
불 꺼진 창||조영남||fork||791
하늘의 선물 - Gift From Heaven (Feat.양호)||하찌와 대수 (Hachi &amp; Hahn Daesoo)||fork||388
고향 가는 길||이정수 (개그맨)||fork||137
그립습니다||심재준||fork||751
상처||천용성||fork||783
여름이 끝나가던 날||임우진 (Lim Woojin)||fork||589
왼쪽 오른쪽||신설희||fork||244
비와 외로움||Various Artists||fork||945
콧바람||백씨아저씨||fork||746
돌아와||피터아저씨 (Uncle Peter)||fork||700
Blow||조서연||fork||195
고래사냥||송창식||fork||92
시동을 걸었어||조성일||fork||939
Romantic Thriller||어쿠스틱데이 (AcousticDay)||fork||784
Way Back Home||마이 옐로우 (My Yellow)||fork||343
너에게 하고 싶은 얘기||장필순||fork||694
절벽 밑에서||김진광||fork||402
독한 남자||이경민||fork||93
Think About U||살랑||fork||944
나는 사나이니까||왕십리boys||fork||111
드리머 (꿈꾸는 아이)||나무그늘||fork||213
내가 꿈꾸던 그곳 (2013 클럽하리 In Cebu, Moalboal O.S.T)||클럽하리||fork||404
삼포로 가는 길||강은철||fork||378
동행||Various Artists||fork||379
오늘 날씨 맑음||임우진 (Lim Woojin)||fork||790
알로하와이||지니밴드 (GenieBand)||fork||49
좋은 날||최동건||fork||836
광화문 연가||이대헌||fork||347
나와같다면 (김장훈)||Various Artists||fork||113
지지알바||윤필||fork||859
나폴리 레이디||안윤재||fork||377
꽃뱀 블루스 (Vocal 이동하)||박가을||fork||495
제비꽃||Various Artists||fork||476
히든카드||마실||fork||252
혼자되는 연습||방익진||fork||910
여름아 미안해||베이지 (Beige)||fork||886
붙잡지 못한||엘리펀트 쥬스 (Elephant Juice)||fork||189
Lemonade||마이쏭||fork||117
막걸리 (대작)||채환||fork||966
풍선껌||보름이네 꿀단지||fork||708
여행||이기쁨||fork||699
그건 너||이장희||fork||992
좋아서||슬로우이펙트 (SlowEffect)||fork||101
길을 잃기 위해 (Live Ver.)||좋아서하는밴드||fork||796
첫사랑의 그리움||버들피리||fork||752
잘 가시오||노경준||fork||263
어서빨리||각산||fork||383
귀를 기울이면||이호석||fork||299
어서 오우야||설원혁||fork||546
우산 (UMBRELLA)||손유상||fork||760
아름다운 건||강태구||fork||687
바람에 흔들리는 나무소리||강태구||fork||431
어디든||그노||fork||298
미쉘||이층카페||fork||184
담벼락||담벼락프로젝트||fork||477
Good Night||오프스텝 (Off step)||fork||830
아이스 커피의 얼음이 녹기까지||마쌀리나||fork||313
양화대교||9호선환승역||fork||233
엄마의 사상을 노래하자||살림꾼||fork||335
꿈꾸는 소년||브라운트리 (BrownTree)||fork||614
나는 당신이 (Live Ver.)||시와||fork||395
자전거로 가는 세상 (Bike Of World)||김원욱 (KIM WON WOOK)||fork||201
그동안 참 고마웠어요||트윈플라워즈 (twin flowers)||fork||732
너||해바라기||fork||650
회상||배따라기||fork||432
나 그대에게 모두 드리리||투코리언스||fork||54
넌 정말 특별해||좋은날||fork||459
아빠의 말씀||정여진 &amp; 최불암||fork||920
고래사냥||송창식||fork||65
개가 천선하는 이야기||양또 (Yangddo)||fork||679
나의 할머니 (Live Ver.)||복태와 한군||fork||684
21살의 비망록||김혁||fork||83
내 마음 몰라라||한경애||fork||622
고래사냥||송창식||fork||103
여자 만나는 날||딜런||fork||826
이 길을 다 걷고 날 때까지||이계석||fork||557
당신이 한창||심현보||fork||927
그대와 함께 (All Night)||힐링프로젝트||fork||927
바람아 구름아||윤형주||fork||287
공||백미현 &amp; 까치와엄지||fork||432
냉장고 문을 열어보면||티셔츠밴드 (Tshirtsband)||fork||151
행복 (Happiness)||김산||fork||165
행복을 크게 넓게 길게||앤드류 최||fork||649
간짬뽕||헤드맨||fork||580
고마워 고마워||마음과 마음||fork||616
Old Black Joe||인디언 수니 (Indian Soonie)||fork||936
4대강의 눈물||채환||fork||80
진격의 빵셔틀||악담뮤지션||fork||148
안녕! 안녕...||임우진 (Lim Woojin)||fork||354
저 별과 달을||소리새||fork||190
나뭇잎 사이로||소리새||fork||592
Midnight Song||블루파프리카||fork||427
마음아 미안해||윤미진||fork||247
광석이에게||김창기||fork||761
어느 회사원의 고백||악담뮤지션||fork||221
낙오 (With 채환)||Marvin C||fork||795
파우스트||신영섭||fork||806
엄마 앞에서 짝짝꿍||디케이소울 (DK Soul)||fork||550
사라져 (Radio Edit)||고나비||fork||421
갈대의 순정||박일남||fork||11
바람이 내게||Slow Movie||fork||959
사랑하는 날에는||황영익||fork||581
목요일 오후 네시||슬라이드로사 (Slide Rosa)||fork||728
씨앗속 풍경||좋은날 풍경||fork||647
친구야||민트쵸콜렛||fork||792
터미널||박상운||fork||989
그댄 봄비를 무척 좋아하나요||배따라기||fork||231
Thursday Island||힐링프로젝트||fork||866
천천히 (Live Ver.)||라야 (Laya)||fork||784
행복한 사람||조동진||fork||763
겨울||방의경||fork||512
고래사냥||송창식||fork||59
에헤라 친구야||남궁옥분||fork||966
바보같은 사랑||수야||fork||181
한강의 기적||채환||fork||487
냉이||렌즈||fork||79
망고||CHEEZE (치즈)||fork||379
사람 때문에||소리내||fork||459
히말라야 리비야||아이보리코스트||fork||25
길을 걷다가||태수 (Taesoo)||fork||955
마술사 모자 속 토끼 찾기 (Feat. 신소윤)||무꼬리||fork||346
흙의 왈츠||복태와 한군||fork||67
나영이 (Live Ver.)||요조||fork||306
바람을 거슬러||김상수||fork||986
너에게 난 나에게 넌||Various Artists||fork||388
어디쯤 가고 있을까||전영||fork||545
사랑의 계절은 가고||한경애||fork||615
진달래꽃이 피었습니다||힐링프로젝트||fork||59
분홍꽃잎 (Vocal 혜야)||플랜더블유(PLAN.W)||fork||39
Da halt der Wind den Atem an||Makarios &amp; Pichelstein||fork||414
모닥불||박인희||fork||710
눈물만 흘러.. (Dear. Mom)||지유(GU)||fork||902
봄이 오면 (Live Ver.)||이영훈||fork||441
잊혀진 계절||이용||fork||961
어느 4월의 봄날||지미브라더스 (Jimmy Brothers)||fork||907
분노송||닭털앤조리 (닭털&amp;J♡RY)||fork||719
가을이 오면||Various Artists||fork||344
한낮의 꿈||백합유리잔||fork||252
그대여 안녕 (Live Ver.)||사람또사람||fork||792
작은행복||작은행복프로젝트||fork||326
나 그대에게 모두 드리리||Various Artists||fork||80
모닥불||박인희||fork||730
소녀, 봄||Cherry Blossom Day||fork||808
너의 눈물은 내일||현진||fork||456
좋은날 (Live Ver.)||좋은날||fork||122
꿈에||Various Artists||fork||126
Spring I Love You Best (Live Ver.)||Big Baby Driver (빅베이비드라이버)||fork||11
9월 어느날||이한열||fork||411
길위의 연인들||노미애||fork||111
촛불||정태춘||fork||239
눈물꽃||박강수||fork||961
사랑했지만 (No Echo Ver.)||생목가수||fork||578
인생은 타이밍||하루종일||fork||578
그리움||이무하||fork||340
My Sean||정혜선||fork||70
나 그대에게 모두 드리리||이장희||fork||642
마이브라더||권오용||fork||168
내 마음의 보석상자||해바라기||fork||551
21살의 비망록||김혁||fork||717
그 건너||조영남||fork||499
잔||현진||fork||854
맥빠지네||겨울다방||fork||612
My Way||심성락||fork||80
적과 흑의 블루스||심성락||fork||994
보고싶다||심성락||fork||493
사랑했어요||심성락||fork||820
비내리는 고모령||심성락||fork||983
밤안개||심성락||fork||597
집에 가는 길||아리랑Guyz||fork||76
떠나기전에 말할걸||해바라기||fork||820
희망한다||박희수||fork||974
사랑해주오||라나에로스포 (Lana. Et. Rospo)||fork||35
아침이슬||Various Artists||fork||220
겨울이 오면 (Feat. 정준일)||조정치||fork||102
여보||조영남||fork||509
일어나||가내수공업||fork||751
그리움만 쌓이네||여진||fork||744
하늘을 봐||김성운||fork||765
오스트랄로피테쿠스 - Lucy||최성규||fork||377
가위 바위 보||송창식||fork||727
하루하루||Ode (오드)||fork||667
광야에서||안치환||fork||111
어떤 우울한 날||양현경||fork||446
타복네||양병집||fork||903
기다리는 마음||김정호||fork||619
작은 구름 속 오클라우||후이크리스||fork||123
눈감아||장은호||fork||382
가을이 오면||Various Artists||fork||904
조금멀리 (Feat. JH)||이준엽||fork||410
슬픔의심로||김오동||fork||727
연인들 (Acoustic Ver.)||나인 (Nine9)||fork||271
희망세상 만들기||채환||fork||265
아무래도 (New Ver.)||박상운||fork||495
너무 아픈 사랑은 사랑이 아니었음을||양현경||fork||18
놔버림||디에이치 (DH)||fork||947
던져||신영섭||fork||676
날 위한 박수 (Live Ver.)||오프스텝 (Off step)||fork||159
기분좋다||바이널하우스 (Vinyl_House)||fork||300
흔한 겨울이야기||이루리 프로젝트||fork||399
매력있어||악동뮤지션||fork||32
좋은날||좋은날||fork||498
세월||이호준||fork||884
달빛캠프||캠핑스토리||fork||866
야간비행||현진||fork||231
같이 갑시다||라야 (Laya)||fork||715
동자의 아침||해조음||fork||57
노스탈지아 (NOSTALGIA)||해조음||fork||61
동자||해조음||fork||721
뚜벅 뚜벅||해조음||fork||816
Starlight||SrB||fork||554
엠티||애피타이저 (Appetizer)||fork||525
전학가는 날||장은호||fork||794
짬뽕과 짜장면||철가방 프로젝트||fork||505
철가방을 위하여||철가방 프로젝트||fork||155
Stop Go And (Part.1)||가내수공업||fork||297
날 위한 박수||오프스텝 (Off step)||fork||482
연애편지||9호선환승역||fork||999
사랑은 사막||안홍근||fork||731
연가||김희진||fork||891
내일이 찾아오면||최동건||fork||706
휴일의 스케치||박재현||fork||489
그대를 바라보면||소심한 오빠들||fork||191
비오는거리||백합유리잔||fork||127
넌 묻지 않았어||하늘소년||fork||20
루저스 블루스||로히든(LowhidDen)||fork||217
Chocolate (Feat.동옥)||브롤리(Brolly)||fork||293
이사||九||fork||452
상아의 노래||민수||fork||892
Colors (With 은G Of 5Tones)||힐링프로젝트||fork||442
말하지 않아도 들리지 않아도||박강수||fork||211
길 위에서 (드라마 가족끼리 왜 이래 삽입 곡)||최백호||fork||247
All Right||로드킹 (ROADKING)||fork||967
동피랑엔 꿈이 살고 있습니다||김현인||fork||138
인간적인, 너무나 인간적인||이은미||fork||85
여행자 I||현진||fork||59
퇴직쏭||우쿨소년||fork||174
에델바이스(New Ver.)||추가열||fork||889
무심한 강||홍사랑||fork||520
소리||라나에로스포 (Lana. Et. Rospo)||fork||816
Hatchobori BLUES||김영진||fork||834
내 그리운 나라||위일청||fork||298
이것도 (This Too)||장두석||fork||139
사랑의 눈동자||유익종||fork||878
왜 불러||송창식||fork||194
Lonely Night||로맨틱 블루||fork||206
연애 (Love Song)||김그림||fork||855
잊을 수가 없잖아||솔솔부는 봄바람||fork||188
우리만나요 (샤이니의 월드데이트 삽입곡)||가내수공업||fork||891
퀴즈왕 (Feat. 현승민)||오누이프로젝트||fork||129
무궁화를 심어줘||크림 (Cryim)||fork||487
쿠바를 떠나네||손병휘||fork||910
그대 같은 노래||이길승||fork||919
Sweet Surrender||Kimmygunn||fork||667
말을 해줄래?||박주영||fork||698
희망의 블루스||장유정||fork||647
오늘||마시따 밴드||fork||611
300/30||씨 없는 수박 김대중||fork||24
I Remember You||로맨틱 블루||fork||4
바로 지금||김정윤||fork||781
새벽소리||현진||fork||974
Stop Go And (Part.2)||가내수공업||fork||444
Hello MImi (Live Ver.)||밤에 피는 장미||fork||808
강매||윤선애||fork||494
누구라도 그러하듯이||차형중 &amp; 최정이||fork||513
너를 잊는 열대야||블루 (BLUE)||fork||90
그런 사람 또 없습니다||장필순||fork||943
보고싶다 정선아||최백호||fork||772
널 그린다 (Acoustic Ver.)||티셔츠밴드 (Tshirtsband)||fork||285
커피한잔||장은호||fork||834
혼자서도 잘해요 (I Can Do It Alone)||경험담||fork||253
카오스||안치환||fork||64
Rehaessal, 리햇살||Rekl||fork||543
내 마음은 외로운 풍차예요||배따라기||fork||487
은지||배따라기||fork||100
바보||윤형주||fork||277
사랑의 신비||봉봉 4 중창단||fork||777
불면증||씨홀리 (C.Holly)||fork||242
낯선 거리||현진||fork||497
몰린 (With 이규호)||윤종신||fork||500
나와 나타샤와 흰 당나귀||김현성||fork||335
공백기 (Absence)||九||fork||487
호숫가||김세환||fork||782
연안부두||김용현||fork||164
그건 너||이장희||fork||114
잊혀진 사람||이용복||fork||673
잊어질까||김세환||fork||351
소녀의 기도||김인순 &amp; 장제훈||fork||369
나야 나||이장희||fork||984
모든 것 끝난 뒤||이수만||fork||659
이슬비가 내리던 밤||이수만||fork||996
당신을 처음 본 순간||이장희||fork||733
사랑을 노래해요||김세환||fork||715
한번쯤||송창식||fork||764
사랑하는 마음||김세환||fork||824
비||김세환||fork||458
불 꺼진 창||조영남||fork||182
그건 너||이장희||fork||817
바람이 되어 떠날까||엄지와 검지||fork||545
청춘 고백||김연자||fork||241
기타 부기||김연자||fork||535
알잖아요 내 마음||김연자||fork||625
아주 사소한 고백 (그런 말 완전 좋아)||이한철||fork||194
사랑했어요||Various Artists||fork||320
나를 보러 와요||임종님||fork||831
돌아와요 부산항에||임종님||fork||631
햇빛 쏟아지는 들판||장계현||fork||952
나비 소녀||김세화||fork||182
꿈길||이영식||fork||357
구름들의 보금자리||4월과 5월||fork||2
나 그대에게 모두 드리리||투코리언스||fork||828
말 전해다오||장미리||fork||416
사악시 마음||이연실||fork||504
빛과 그림자||Various Artists||fork||35
지금도||에고페이스 (Ego Face)||fork||384
일어나||성시원||fork||801
빗물||이영심 &amp; 최정이||fork||572
두바퀴로 가는 자동차||김광석||fork||538
짝사랑||홍사랑||fork||571
떠나기 전에||흰고래||fork||918
나그네||이필원||fork||357
가위 바위 보||최병걸||fork||843
마음||이수만||fork||14
가위 바위 보||송창식||fork||535
사랑하는 마음||김세환||fork||691
비||김세환||fork||146
왜 (Chorus. 방지선)||신영섭||fork||744
TO. 진희||리그레션 (Regression)||fork||526
님에게||해바라기||fork||369
잊혀지지 않아요||한경애||fork||204
아직도 어둠인가||유익종||fork||482
첫사랑의 일기장 (Feat. 스타 러브 피쉬)||어쿠스틱 콜라보||fork||338
안개||Trio Japones||fork||84
지나가 버린 사람들||이쏭 (E-Ssong)||fork||773
아무 일 없었다는 듯||안치환||fork||51
저 창살에 햇살이||안치환||fork||860
모기 (그녀보다 더 사랑했네)||김진평||fork||5
눈물나게 너를||더스토리 (The Story)||fork||796
Blues School||김응찬||fork||389
Paul's Thorn (Feat. 강현욱)||전현정||fork||104
월화수목금토일||김토일||fork||669
해운대 연가||이영심 &amp; 최정이||fork||59
어린날의 끝자락||정석환||fork||954
나의 노래||김광석||fork||274
Campus Love||해바라기||fork||681
Sun Dance||九||fork||903
사랑인거죠||이광조||fork||999
첫 데이트를 마치고||루빈 (Ruvin)||fork||643
블루아리랑||O Blues band||fork||549
언니들 말 믿지 마요||피터 (Peter)||fork||679
그녀는 재생 중||이호석||fork||314
Summer Romance (Feat. 소심한 오빠들)||동경소녀||fork||169
세상에 물들지 않기를||정영호||fork||637
나 이제 그대 곁을 떠나요||심전무||fork||764
첫사랑의 멜로디||어쿠스틱 콜라보||fork||576
스마트폰 (Feat. 심문기)||최동건||fork||911
추억||윤재훈||fork||840
바보같은 인생아||전우진 (Jeon Woo Jin)||fork||371
Smile (Feat. Una)||오누이프로젝트||fork||335
180||180||fork||135
사랑을 찾아||이강||fork||85
방랑자||설현정||fork||857
그 사람||제갈대성||fork||27
아름다워 (Live Ver.)||이지에프엠 (EasyFM)||fork||460
머지않아||김손손||fork||164
독백||김거지||fork||931
구름||씨홀리 (C.Holly)||fork||139
아기별꽃 (New Ver.)||김유성||fork||506
춤추는 바람||바드 (Bard)||fork||738
방학과 개학사이||정혜원||fork||980
무한리필||무한리필||fork||782
사랑스런 그녀||닥터. 황 (Dr. Hwang)||fork||308
왠지 좋아||R&amp;J(알앤제이)||fork||560
기차가 떠난 달빛 아래서||임정우||fork||688
이래지고||이정구||fork||497
나비 (Live Ver.)||안은정||fork||162
사랑||이한철||fork||97
가고 싶은 마을||백영규||fork||313
그사람||박상운||fork||78
봄비가 내리던 날||음악일기||fork||691
새벽아침||송민수||fork||790
조금만 더||솔솔부는 봄바람||fork||229
제비||조영남||fork||529
딜라일라||조영남||fork||652
사랑||이한철||fork||87
사랑이다||이근중||fork||820
아버지||정형근||fork||93
나른한 이별 (Feat. 조원선)||윤종신||fork||398
선물 (김창완 아저씨랑)||유발이의 소풍||fork||285
그래서 그랬던거야||자전거 탄 풍경||fork||405
다이아반지||더 카 (The Car)||fork||424
평생 (뉴버전)||김명상||fork||988
강아지와 고양이||재밌는 장포크||fork||932
닮았다||김관호(Danny K)||fork||656
Venus's Humming||김종걸||fork||576
모두가 사랑이에요||해바라기||fork||653
Pinary||보이스앤노이즈 (Voice &amp; Noise)||fork||220
분내||김혁||fork||860
토요일 밤에||김세환||fork||477
지금 이대로||신영섭||fork||666
네줄 사랑||신현배||fork||366
사랑이란 건||소풍||fork||473
그대와 함께 가는길||김성운||fork||927
사과송||홀리스카이 (Holysky)||fork||748
인디야||이선정 밴드||fork||447
왜 가슴만 보니?||Funnel Cake||fork||642
뭐하고지내||박건||fork||997
불 꺼진 창||조영남||fork||768
작은 위로||탱크 탄 동수||fork||539
어여||솔가||fork||756
독백||뉴욕물고기 (NY물고기)||fork||882
Friend (Guitar Ver.)||김영준||fork||882
담쟁이||백자||fork||288
눈이 내리네||Various Artists||fork||625
퇴근길||신치림||fork||885
Goodbye McCadden||찰리 정 (Charlie Jung)||fork||221
땅꼬마 아가씨||심전무||fork||249
사랑의 시||해바라기||fork||600
피리 부는 사나이||송창식||fork||245
이녁 가슴 쏘곱엔||박순동||fork||915
안녕 보헤미안||나겸||fork||411
저녁 숲 고래여||정태춘||fork||791
수다쟁이 (Feat. 장채빈 On Piano)||동교동 감귤||fork||927
창문 너머 어렴풋이 옛 생각이 나겠지요||EYE TO EYE (아이 투 아이)||fork||534
삼포로 가는 길||강은철||fork||344
길||신재창||fork||560
꿈의 대화||Various Artists||fork||329
이런 날...||Lang狼Kim (김연기)||fork||995
오해||호우앤프랜즈 (Howoo &amp; Friends)||fork||298
애상||10cm||fork||629
느낌Good (Feat. 장재인)||윤종신||fork||121
그건 너||조영남||fork||615
자유로운 영혼||하루종일||fork||428
꼭 안아 주세요||강허달림||fork||477
웃자||일단은 준석이들||fork||42
라디오 사연||반하||fork||262
저문 공원에서||김미선||fork||15
막걸리 추억||이용복||fork||170
Looking For 2 O'clock||Sugar Brown||fork||565
사랑아 가지마||안중호||fork||482
그건 너||이장희||fork||205
그대 있음에||송창식||fork||418
타복네||양병집||fork||784
부산에 눈이 와요||토리||fork||92
살아볼래||九||fork||300
남아도네||느티나무||fork||434
우리들의이야기||윤형주||fork||726
친구처럼 연인처럼||더카(The Car) &amp; 진혜란||fork||958
카페라떼||나봉이||fork||110
청바지 Blues||하남석||fork||132
당신은 행복하십니까?||김효국||fork||599
말로 사랑하는 건 쉽잖아, 마음으로 사랑하는게 어렵지 (Feat. 박서영)||정혜담||fork||581
우린 지금 어디쯤에 있는 걸까||랄라스윗 (lalasweet)||fork||190
If||윤재명 (Yoon Jae Myung)||fork||300
거기, 삼청동||김도연||fork||126
No Energy||최고은||fork||687
I'll See You There (그곳에서)||천상혁||fork||62
그래 이제부터다||김종수||fork||653
너무 좋다||토리||fork||225
언젠가의 그 곳에서||Acoustic Core (어쿠스틱 코어)||fork||224
새벽||박강성||fork||682
그게 나였어||이문세||fork||76
그날 이후로||이두헌||fork||760
My Mother (2004년 3집)||이대희(E day)||fork||35
Hot Issue||김진주 &amp; 이동우||fork||463
내가 본 세상||김세현||fork||966
Super 88 Man||닥터미라클||fork||11
넌 나를 떠나지 못한다||병호||fork||14
서른이 지나서||권순철||fork||164
한번쯤||송창식||fork||287
첫비행||한태주||fork||787
비둘기||조동희||fork||737
이별하는 밤||강지민||fork||810
술박사 (Vocal. 조태준)||바비빌 (Bobbyville)||fork||859
쭈루쭈||빨간 우체통||fork||836
그대는 맑음||유진우||fork||393
Kiss Kiss Kiss (Feat. 청안)||추승엽||fork||608
소도리할망||양정원||fork||443
그 얼굴에 햇살을||이용복||fork||296
미로||추청년||fork||341
동화에 나오는 세상처럼||전지혜||fork||523
그날 이후로 (Acoustic Ver.)||이두헌||fork||366
불편한 노래||우리나라||fork||482
사십이 이십에게||파인애플밴드||fork||779
밤에 떠난 여인||강촌사람들||fork||752
과수원 길 (해바라기)||Various Artists||fork||821
Things We Should Leave||그린보이스 인 와일드(Green Voice in Wild)||fork||199
걱정하지 말아요||김동환||fork||802
내속에 내가슴속에||김선동||fork||865
한잔의 추억||Various Artists||fork||449
깜지||풍경||fork||127
Love Pop (Acoustic Ver.)||신고은||fork||620
여고 졸업반||Various Artists||fork||779
우리 친해집시다||장청일 (장포크)||fork||518
소녀||박강수||fork||556
행복의 나라로 (Last Ver.)||한대수||fork||799
타복네||Various Artists||fork||55
인생이란||임병윤||fork||803
저 남자가 내꺼였으면||하와이||fork||886
돌아오지 않아||이승열||fork||188
귀농통문||사이||fork||215
라디라||이승열||fork||293
회전목마 (Merry-Go-Round)||유드로 (Udro)||fork||877
사랑은 빗물 속으로||빨간나무||fork||616
불면증||박솔||fork||945
아리 아리랑||박호명||fork||936
차라도 한 잔||하찌와애리||fork||571
잊어야 한다는 마음으로||10cm||fork||554
빈들판||이제하||fork||32
경아||신현배||fork||986
못다핀 꽃 한송이 (김수철)||Various Artists||fork||197
옆집아이||유상현||fork||649
Blind Faith||넌 (Non)||fork||874
사랑이 지나가면||이문세||fork||918
두유 노우 독도||소금과 후추||fork||106
희망 (Hope)||추가열||fork||476
(통기타) 시계바늘 (신유)||반시루||fork||217
그들의 Blues (Feat. 한대수)||이승열||fork||511
꿈꾸는 세상||레일로드(Railroad)||fork||996
내노래를 들어요||심재준||fork||899
내 사랑 꽃순이||정종훈||fork||555
서러운 해조||진우||fork||446
한송이 들꽃으로||정형근||fork||258
아무 것도 아닌 나||토마스 쿡 (Thomas Cook)||fork||133
몰라요||홍갑||fork||263
토끼||바나나왕자제트 (바나나왕자Z)||fork||704
사랑아 사랑아||윤서||fork||234
좋은 걸 어떡해||김세환||fork||10
나는 당신의 바보||정형근||fork||122
Flair||드린지 오 (Dringe Augh)||fork||102
울릉도는 나의 천국||이장희||fork||631
기억을 만지는 소리 (Clarity Ver.)||투명||fork||926
피리부는 사나이||Various Artists||fork||353
우리의 꿈은 여기에||녹우||fork||548
그대는 철이 없네 (Feat. 김지수)||장재인||fork||79
방황||김문규||fork||694
그리워 그리워||에보니스||fork||681
Good Bye||정형근||fork||983
사랑이야||호우앤프랜즈 (Howoo &amp; Friends)||fork||71
상처||이광조||fork||800
소나기||노야||fork||193
보낼 수 없는 이별||정승일||fork||532
한번쯤 - 송창식||Various Artists||fork||112
뜨거운 마음||홍순관||fork||626
Redemption Song||신연아||fork||1
팬더매니아||팬더매니아||fork||56
시간은 어디에 (Feat. 허지혜)||글루바인||fork||936
축복합니다||스프링롤 (Springloll)||fork||792
꿈꾸는 제주도||나무자전거||fork||765
숨||숨의숲||fork||186
바보||윤형주||fork||72
나 돌아갈래||조성하||fork||135
경쟁||틴치용||fork||187
천사 같은 너, 바보 같은 나||허진||fork||921
Learn To Love||넌 (Non)||fork||883
젊은 연인들||Various Artists||fork||764
옛 시인의 노래||Various Artists||fork||457
비오는 거리||스프링롤 (Springloll)||fork||30
그건너||이장희||fork||423
Look At Me||최예나||fork||281
꿈에 대화||송민수||fork||465
정말||달이다||fork||845
오늘의 시간과 이별하기||이여진||fork||118
피리 부는 사나이||송창식||fork||527
아들에게 배웁니다||이은철||fork||334
Break The Wall||이선정 밴드||fork||488
길1 - 걸어간다||신재창||fork||324
그대와 나||T.L||fork||140
Instinct||떼짱이||fork||426
행님아||클럼지 (Clumsy)||fork||238
시인의 마을||정태춘 &amp; 박은옥||fork||269
하얀밤||박영주||fork||815
(통기타) 거짓말 (조항조)||반시루||fork||526
여정(하필이면)||최진이＆강촌사람들＆이상화||fork||516
사랑, 그리고...||이명숙||fork||765
색동저고리||유영실||fork||392
산책 (영화 '참을 수 없는.' 삽입곡)||이바디 (Ibadi)||fork||365
가로등을 보다||백자||fork||940
그 이름을 묻지마오||지훈(DJ. JI HOON)||fork||314
나 같은건 없는건가요||강억배||fork||812
꿈이어도 사랑할래요||김승일||fork||964
떨림||안치환||fork||971
바다에 떨어진 꽃||처음처럼||fork||957
고양이||김은희||fork||529
묻어버린 아픔||강촌사람들||fork||550
가시나무||이경운||fork||989
약속||이경운||fork||244
애수||이경운||fork||192
귀거래사||박현||fork||970
박순구 부루스||타마엔 베가본드 (Tama &amp; Vagabond)||fork||991
사랑의 미로||최진희||fork||247
님은 먼곳에||김추자||fork||278
작은새||임창제||fork||559
바람부는날||이용복||fork||743
나는 여기서 무엇인가||황명하||fork||378
빗소리와||호우앤프랜즈 (Howoo &amp; Friends)||fork||882
기러기||Various Artists||fork||433
홍화의 골짜기||Various Artists||fork||900
사랑Two||박현||fork||129
그대는 나의 사람||장병우||fork||66
떠나고 싶을 때||심재준||fork||33
Hero (Korean Ver.) 히어로||이광필||fork||517
상렬||안치환||fork||513
한번 더||포커스 (4Cus)||fork||997
지금 만나러 갑니다||성상민||fork||541
기분이 좋아||일단은 준석이들||fork||421
내일을 기다려||유상록||fork||139
거짓말||제상욱||fork||605
행복의 주파수||닭털앤조리 (닭털&amp;J♡RY)||fork||468
손잡고 허밍 (Feat. 요조) (Album Ver.)||재주소년||fork||111
바보처럼 (Like An Idiot)||피터홍(Peter S. Hong)||fork||333
책만 보는 바보||책의 노래 서율||fork||658
잊을 순 없는 걸요||엘(L)||fork||343
기다릴께||S.Chi (에스치)||fork||193
해후||전태형||fork||693
강||우정덕||fork||934
바람이 불고 비가 내리면||The Wings||fork||899
바보사랑||윤서||fork||900
내마음 갈곳을 잃어||윤서||fork||748
가짜 하루||최우인||fork||660
Today||주용하||fork||593
다시핀 목련꽃||조혜옥||fork||890
잊을 수 없는 사람||함중아||fork||165
웃어 주세요||함중아||fork||504
I Wish||마이너 스터프 (Minor Stuff)||fork||599
외로운 방랑자||김목경||fork||353
못난이 블루스||평화의 형제 (Peace Brothers)||fork||94
비상||The Wings||fork||174
난 누굴까||이지민||fork||640
등불||유영춘과 영사운드||fork||438
첫눈이 오면||문성호||fork||753
구름위에서 놀다 (Playing On Clouds)||김광석||fork||125
무궁화 꽃이 피었습니다||가가(歌家) 형제 (윤태규 &amp; 이승훈 &amp; 추가열)||fork||154
꿈이어도 사랑할래요||임지훈||fork||142
미련한사랑||Various Artists||fork||375
바다문||채환||fork||962
편지||랄라스윗 (lalasweet)||fork||337
세상의 눈물||김영헌||fork||111
빛이 되어 (천안함 수병과 한주호 준위 추모곡)||김선||fork||943
저리가! 사랑따위||이창수||fork||870
너는 우리의 꿈이야 (버전 하나)||풍경||fork||520
슬픈 사랑||한승기||fork||232
푸른돌 이야기||양은구||fork||955
비월||버들피리||fork||807
그리움||뿌꾸아빠 (BGpapa)||fork||219
그대만 있으면||양원식||fork||526
그 해 바다||오영진||fork||609
1악장 항해의 시작||장청일 (장포크)||fork||264
시간의 보폭||김태환||fork||934
3류 뮤지션||허석 And Linky||fork||594
왜 날 떠나갔니 (Rock Ver.) (Feat. 김명섭)||장청일 (장포크)||fork||395
추남 (秋男)||이동원||fork||99
비를 맞아본적이 있나요||이창수||fork||426
봄의 기적||이지형 (EZ Hyoung)||fork||800
멋져 보여요||우렁이 (Woorung)||fork||65
애련 (愛戀)||하남석||fork||332
올레길 힙합||박미루||fork||792
옥상달빛||옥상달빛||fork||440
Hot In You (Inst.)||멜팅 튭스 (Melting Tubes)||fork||351
추억 만들기||린 (LYn)||fork||812
Good Morning (기분 좋은 아침)||김선미||fork||116
Do You Know Dokdo||소금과 후추||fork||395
일어나||Various Artists||fork||601
오늘도 난 자유를 꿈꾸지||김덕희||fork||357
아름다운 이야기||윤선애||fork||848
My Sweet Home Road||원맨||fork||120
기억해, 촛불에 비친 너를||김형찬||fork||709
Yesterday For Tomorrow||송명근||fork||303
마이웨이||박상운||fork||366
귀거래사||박상운||fork||416
친구여||문진오||fork||326
꽃||미틈 (Mitm)||fork||402
고등어||루시드 폴 (Lucid Fall)||fork||361
물고기 눈물달||물고기 눈물달||fork||75
그 사람... 그대...||리조이스 (Rejoice)||fork||385
고양이||이창수||fork||653
향수||이동원||fork||773
이별비||유준||fork||388
화풀어줘||도넛트리 (Doughnut Tree)||fork||347
어느 보조웨이터의 이야기||이종만||fork||962
하나||미스티 블루 (Misty Blue)||fork||37
On Love||정형근||fork||499
사랑에 대하여 (On Love)||정형근||fork||470
비의 나그네||Various Artists||fork||510
그건 너||Various Artists||fork||272
아무도 없는 학교||한돌||fork||766
내 사랑 영원히||배따라기||fork||599
착한남자||홍종명||fork||296
소리없는 새벽 (Feat. 타루)||이용원||fork||902
다 지나간다||주철환||fork||594
나는||양양 (Yangyang)||fork||631
Deja-entendu||김두수||fork||632
떠나라 사랑아||허만성||fork||893
푸른시절||까치와 엄지||fork||724
희망||정두언||fork||874
문득||조길상||fork||291
그대였으면||이두헌||fork||437
고래사냥||Various Artists||fork||566
너에게로||다이브인투유 (Dive Into You)||fork||960
사랑의 의지||4월과 5월||fork||587
감사해||박순동 &amp; 박현진||fork||443
사랑하는 그대에게||김승일||fork||965
사랑이 온다||신계행||fork||845
그린아시아를 꿈꾸며||박미루||fork||936
길||심재준||fork||627
1 Shot||김마스타||fork||763
오후에야||달콤한 소금||fork||695
감사해요 고마워요 사랑해요||김인옥||fork||329
Tutelar (Vocal Eunjie Song)||드린지 오 (Dringe Augh)||fork||371
기억 하지마||이대희(E day)||fork||586
Annabel Lee (Single Ver.)||어른아이||fork||143
백묘도||꿈과 모자||fork||730
정말로행복하다||조월||fork||749
별총총||하찌와 TJ||fork||587
한겨레한밥상(제1회 남산가요제 메세지송)||숙경||fork||473
Just Say Good bye||스푸키 프로젝트 (Spooky Project)||fork||595
세월이 흐른 뒤에||유영민||fork||276
그대 사랑하기에||유영민||fork||269
삼갈래길||버들피리 박장순||fork||780
산사람||이정선||fork||622
너는 니가 얼마나 소중한 사람인지 모를거야||채현진||fork||43
해운대 연가||방준모||fork||91
사랑스러운 그대 Lovely You||Sato Yukie||fork||61
행복해요 (with 재호,재윤)||추가열||fork||333
가야지||양정원||fork||817
새벽전화(Feat.은지)||316||fork||311
다시 힘을 내어라||박강수||fork||474
꿈꾸는 파도||남상훈||fork||294
가네||가나스||fork||613
Before Sunrise Blues (Blues)||블루스잼 (Blues Jam)||fork||382
내 영혼의 블루스||Broken Earth Blues Band||fork||729
꽃 새 눈물||김은영||fork||619
벽 (산악다큐 '벽' OST)||백자||fork||10
나는 사나이니까||배따라기||fork||266
멋져요 멋져요||해바라기||fork||677
Bluesy (Blues)||블루스잼 (Blues Jam)||fork||887
슬픈 노래||아마도 이자람 밴드||fork||172
니생각을 하지||서지인||fork||255
다락방||황금희||fork||692
너 왜 사니?||이대희(E day)||fork||775
Green Onions (Blues)||블루스잼 (Blues Jam)||fork||144
내가아는 단 한사람||김대훈||fork||212
느림의 미학||장철웅||fork||355
Guilty (Blues)||블루스잼 (Blues Jam)||fork||498
비원||황영의||fork||500
마이웨이||박상운||fork||673
외출||성시원||fork||303
누구라도 그러하듯이||최정이||fork||635
양떼구름||김영준||fork||806
산||나눔밴드||fork||929
인생은 나에게 술 한잔 사주지 않았다||안치환||fork||819
고마워요||이미숙||fork||19
위대한 항해||권우유 (KwonMilk)||fork||725
아름다운 사람 (Beautiful People)||김광석||fork||10
그리운 시냇가||소풍가는 날||fork||911
산||신현배||fork||171
그대 그리고 나||최진희,이상화,강촌사람들||fork||758
가을이 빨간 이유||김원중||fork||491
힘내라 맑은 물||홍순관||fork||159
눈물자리||문승주||fork||165
나는 바이크 타고 시베리아에 간다||김원중||fork||793
Train Song||임의진||fork||184
기억||인디언 수니 (Indian Soonie)||fork||575
그리움||노래여행||fork||939
내 사랑아 내 눈물아||까치와 엄지||fork||650
내가 사랑해 (Feat. 서영은)||나무자전거||fork||41
사랑의 눈동자||유익종||fork||90
은어에게 보내는 편지||김기수||fork||766
풍운||김원||fork||735
하루||소리쌓기||fork||90
한강||김도현||fork||44
희망 없는 하루||Broken Earth Blues Band||fork||51
촛불을 밝히자||천동근||fork||811
D Medley||프록맨 (Frogman)||fork||787
매일 그대와||정하나||fork||242
마이웨이||최영일||fork||650
조각배||손지연||fork||596
나의 할머니, 그녀의 첫사랑||예민||fork||967
여기는 천국||남상훈||fork||696
아름다운 것들||최정이||fork||620
타조||이태원||fork||598
내님의 사랑은||양희은||fork||468
난 아직 아무것도 드릴께 없는데 (부모님께)||이윤철||fork||217
여우비||김목경||fork||712
우리형||박휘||fork||146
모연천강지곡||철가방 프로젝트||fork||596
꽃가루는 손에 잡히질 않아||니코||fork||340
사랑의 썰물||Various Artists||fork||904
Dear My Friend||무중력소년||fork||53
10억||돈 (D.O.N)||fork||820
우리 함께 사는 세상||황경숙||fork||945
인생역전 (Folk Rock Ver.)||김명상||fork||991
OK! Go~ Go~||나무자전거||fork||728
빗물||이영심 &amp; 최정이||fork||476
Funny Day||김성윤||fork||80
스무살의 꿈 (Jazz Ver.)||하늘호||fork||584
Deluxe Girl||신재진||fork||846
먼동||야호밴드||fork||810
고래사냥||송창식||fork||153
무정사랑||이명훈||fork||835
열흘 나비||김두수||fork||859
외면||이광조||fork||373
내사랑 지니||양선호||fork||651
나는 너의||신현배||fork||909
젖은 손수건||강채이||fork||752
내일은 해가 뜬다||장철웅||fork||658
Psalm歌Judah 삼.가.유다 (Feat. 설민우)||아미타 48||fork||988
헤벌레||강억배||fork||495
웨딩케익||김승기 ＆ EGB||fork||446
그리운 것은 오래전에 떠난다||양현경||fork||875
떨리는 손||최지연||fork||907
아침이슬||조성머||fork||632
데이지||오덕화||fork||138
마이웨이||윤정열과 친구들||fork||911
바다로 가자||소리새||fork||105
저녁, 기차에 서다||손현아||fork||730
해운대 연가||이영심 &amp; 최정이||fork||736
미운하늘||꿈을 꾸는 나무||fork||874
꿈을 꾸는 나무||꿈을 꾸는 나무||fork||392
나는간다||김영수||fork||980
영원히 사랑합니다||김하림||fork||209
안녕||윤경민||fork||96
이젠||김재민||fork||757
달려라 블루스||김창훈||fork||238
사랑을 할때||유길준||fork||356
남자의 사랑||이창휘||fork||82
회상||이윤원||fork||156
지금 난||박준석||fork||86
다시 만날 날이 있겠죠||윤선애||fork||998
어머니 (정재완 시)||신남영||fork||723
A Solitary Walk||세미정 (Semi Jung)||fork||707
이 세상에 단 하나뿐인 여인 (Feat. 조PD &amp; 정지선)||조덕배||fork||22
건너 날 밝았거든||야호밴드||fork||60
기억 속 가리워진 노래||문진오||fork||15
연가(가거라 사랑아)||백주원||fork||263
휴가||김기영||fork||606
기도||류금신||fork||339
그냥 한번 웃어줘||김가영||fork||644
겨울아이||이종용||fork||987
인생이란||이태원||fork||996
연극중에서||솔개트리오||fork||45
외기러기||어니언스 (Onions)||fork||56
3 8 6||손병휘||fork||646
화장을 고치고||미사리 연합 사운드||fork||470
저 정말 싫어요||이태원||fork||304
내일은 좋은날 있을꺼야||주용하||fork||51
편지||어니언스 (Onions)||fork||836
내사랑||임지훈||fork||440
사랑의 썰물||임지훈||fork||952
짝사랑||Various Artists||fork||514
한잔의 추억||Various Artists||fork||245
인생이란...||이태원||fork||985
사랑은 소리없는 아우성||신성철||fork||854
빰빰빰||이지형 (EZ Hyoung)||fork||632
언덕||황호수||fork||338
이젠 시작이야||한봉우||fork||104
사랑||오덕화||fork||911
날 떠나 행복하다면||박상운||fork||818
아름다운 날들||박광수||fork||606
이별노래||이동원||fork||733
사랑의 노래||손현숙||fork||684
Age 20 (Inst.)||박인환||fork||642
처음처럼||안치환||fork||578
베짱이||인성용||fork||80
나 같은건 없는 건가요||강촌사람들||fork||247
행복의 나라로||현,영,준||fork||224
귀천||좋은날 풍경||fork||360
널 사랑해||김성봉||fork||975
그 사내 이중섭||김현성||fork||506
우리 사랑은||김성봉||fork||928
안녕이라고 말해요||김문규||fork||367
작은 섬||박강수||fork||737
사랑이여||신남영||fork||706
숙취||하이 미스터 메모리 (Hi, Mr. Memory)||fork||715
자장가||김광석||fork||260
먼지가 되어(스튜디오 녹음중에서)||김광석||fork||533
Good-bye 내사랑||이승훈||fork||251
당신이 너무 좋아요||김희진||fork||154
내일||강촌사람들||fork||827
기도||강촌사람들||fork||334
긴머리 소녀||둘 다섯||fork||322
먼지가 되어||김시영||fork||946
사랑은 세상의 반||수니||fork||707
Mozaic||모자이크||fork||330
Band Overture||한대수, 도올||fork||934
새벽열차||한돌||fork||770
달리기||소리타래||fork||395
좋은 세상을 위해||소리타래||fork||118
내 마음의 보석상자||미사리 연합 사운드||fork||280
강변연가||유소이||fork||418
그래도 좋아 (New Ver.)||이은성||fork||932
사랑합니다||김동준||fork||68
화수분 2||소리타래||fork||170
동화||풍경||fork||476
꿈의 대화 (이범용 &amp; 한명훈)||장철웅||fork||44
꿈꾸는 아이||고찬용||fork||1
뭉크의 절규를 듣고||Mira||fork||389
내 마음의 보석 상자||Various Artists||fork||242
사람아 사람아||박강수||fork||266
못다한 노래||양희은||fork||743
구름들의 보금자리||4월과 5월||fork||576
사랑은||해와 달||fork||208
님은 먼곳에||강촌사람들||fork||768
빗속의 여인||강촌사람들||fork||151
유랑악사||임의진||fork||39
속눈썹||손병휘||fork||162
그대를 만나기 전에||손병휘||fork||172
대통령||한대수||fork||951
추억은 방울방울||최윤성||fork||550
잊혀져가네||안영수||fork||917
마법의 성||이경운||fork||646
존재의 이유||이경운||fork||68
묻어버린 아픔||이경운||fork||738
가시나무||이경운||fork||722
웃고살아요||강대풍||fork||965
소년||이필원||fork||194
나의 기타||한승기||fork||169
사랑해 주오||라나에로스포 (Lana. Et. Rospo)||fork||660
인수봉||신현대||fork||10
이등병의 편지||김광석||fork||985
나의 노래||김광석||fork||606
그리움||김혜선||fork||718
너를 사랑하고도||이경운||fork||397
가시나무||이경운||fork||649
내 마음의 보석상자||허수||fork||178
사람이 꽃보다 아름다워||박인철||fork||761
희망을 쏘다 (Guitar ver.)||나무자전거||fork||549
사랑은 왜||백영규||fork||674
젊은 그대||유상록||fork||437
귀거래사||유상록||fork||334
줄리아||유상록||fork||527
사랑2||이대헌||fork||93
홀로 가는 길||이대헌||fork||335
말도 안돼||유상록||fork||86
인생이란 다 그런 것||박강수||fork||374
Love Violet||러브 바이올렛 (Love Violet)||fork||993
장사하자||하찌와 TJ||fork||186
비오는 아침||봉성씨||fork||611
하얀손수건||트윈 폴리오 (Twin Folio)||fork||561
창밖의 여자||조용필||fork||960
잊혀진 계절||이용||fork||575
하루||이필원||fork||676
아름다운 기억||올드 바이올린 (Old Violin)||fork||354
내 가슴에 달이 있다||인디언 수니 (Indian Soonie)||fork||743
장사하자||하찌와 TJ||fork||999
타인의 계절||한경애||fork||131
너||이종용||fork||578
야화||사랑의 하모니||fork||722
경포대||그리고||fork||745
독백||유로 (URO)||fork||272
(Phases Of) You||문성호||fork||286
한 남자||Various Artists||fork||689
죽지 않아 (Folk Ver.)||나무자전거||fork||148
꿈의 대화||바다새||fork||73
사랑하고 있어요||바다새||fork||331
옛 시인의 노래||한경애||fork||51
울그락 불그락 (붉으락 푸르락)||박호명||fork||894
나 같은 건 없는 건가요||Various Artists||fork||497
연 가||Various Artists||fork||673
두 바퀴로 가는 자동차||Various Artists||fork||798
J에게||이선희||fork||490
파도 (MBC 영웅시대 OST 삽입곡)||박진광||fork||31
복돌이||함중아||fork||530
인생 2||권용욱||fork||486
염소와 함께 풀을 뜯다 (강제윤 시)||손병휘||fork||361
이런 날에는||한영빈||fork||721
라훌라 A||박오공||fork||186
거짓말||핑톤 (Ping Tone)||fork||61
White Blues||드로우블루 (Draw Blue)||fork||301
당신의 의미||나무자전거||fork||232
내 삶을 눈물로 채워도||강승룡 &amp; 김청송||fork||299
곰팡이꽃의 노래||곰팡이꽃||fork||538
썰물||썰물||fork||141
보헤미안||김두수||fork||864
꽃이 나무에게||이성호||fork||101
하산||윤선애||fork||446
춤이라도 춰볼까?||강허달림||fork||609
내게서 멀어진 사람||윤혁||fork||65
물 좀 주소!||한대수||fork||729
이분단 셋째줄||재주소년||fork||459
사랑 그리고 이별||권용욱||fork||271
우리의 이야기들||윤형주 &amp; 둘 다섯||fork||673
그건 바람||엉클 K||fork||257
야망을 품은 시인의 카리스마||야시카 (Yasika)||fork||838
다시 시작 할꺼야||김효국||fork||386
너의 의미||산울림||fork||42
섬소년||이정선||fork||695
물망초||윤연선||fork||123
내 안에 깃든 너||나무자전거||fork||234
가시나무||김성식||fork||229
Intro(사랑의 눈동자)유익종||Various Artists||fork||341
재회||남궁옥분||fork||42
나는못난이2||딕 훼밀리 (Dick Family)||fork||214
떠나가는 배 (이어도)||정태춘 &amp; 박은옥||fork||613
춤추는 달||양병집||fork||376
빗속의 여인||까치와 엄지||fork||729
니가 날 떠나 (드라마 '해신')||Various Artists||fork||595
내 아이야||문진오||fork||718
권태||손지연||fork||555
Paranoia||한대수||fork||174
나 없어도||해바라기||fork||277
98 서울역||최현석||fork||452
가늘고 길게||비누도둑||fork||137
아침에||양현경||fork||280
Rattlin' Bus||아스 (THE ASS)||fork||391
멕시코로 가는 길||김목경||fork||720
사랑의 썰물||임지훈||fork||958
잊혀지는 것||심재준||fork||30
사랑해도 될까요||까치와 엄지||fork||815
블루코드||블루 코드(Blue Chord)||fork||131
공장의 불빛 - 이은, 합창B||김민기||fork||717
세상으로의 질문||최준영||fork||50
Kiss Me||풍경||fork||978
사랑해도 될까요||Various Artists||fork||543
꼬마야||이두진||fork||35
머나먼 사랑 (Duet)||이수영 (어니언스)||fork||266
주인 잃은 둥지||김완수||fork||378
추억||김원||fork||310
내 마음 속에 음악이 흐르면||김동환||fork||886
거리에서||배영배||fork||490
산맥과 파도||안치환||fork||353
Shot Gun||엔젤하트||fork||378
아우리들아(한림성심대교가)||이주호||fork||295
이루어질 수 없는 사랑||양희은||fork||457
그대 있기에||강대풍||fork||514
가슴앓이||한마음||fork||856
생일축하의 노래 - 모두함께||Various Artists||fork||1
두 개의 작은별 - 소리창조||Various Artists||fork||288
담백하라 (드라마 애정의 조건...)||미스터 김||fork||167
빗속의 여인||백미현||fork||277
Warrior||안혜경||fork||959
홀로지기||오희범||fork||392
석모도에 노을지면||김수곤||fork||738
울지 말아요||박강수||fork||509
미사리의 추억||조수경||fork||134
아름다운약속||해바라기||fork||530
어리석은 사랑의 노래||동물원||fork||935
축제||박영일||fork||245
내가 만일||백미현||fork||16
난 바람 넌 눈물||백미현||fork||160
살다보면 언젠가는||이정선||fork||908
너의 기억 저편으로||배따라기||fork||17
탈춤||런웨이 10기||fork||708
길 잃은 친구에게||자전거 탄 풍경||fork||176
나어떻해||샌드페블즈 (Sand Pebbles)||fork||165
내사랑 울보||김우연||fork||951
목포의 눈물||한영애||fork||218
그쟈||최백호||fork||878
고백||김광석||fork||365
바다로 가자||소리새||fork||867
계절의 길목에서||소리새||fork||800
사랑과 우정사이||Various Artists||fork||310
꿈을 꾸는 여인||김희진||fork||412
푸른별||최현석||fork||828
석양||박용강||fork||808
첫사랑(Radio Version)||이정열||fork||137
soony rock||장필순||fork||449
물레방아 인생||조영남||fork||14
서른 즈음에||김광석||fork||550
나무||햇빛세상||fork||860
김득구||이지상||fork||473
압구정은 어디||정태춘 &amp; 박은옥||fork||586
난 그렇더라||이동원||fork||30
하얀조가비 - 박인희||Various Artists||fork||491
주의 이름 송축하리||회복 21||fork||257
Freedom||홍종명||fork||250
돌멩이하나||안치환||fork||350
그대 굳이 사랑하지 않아도||Various Artists||fork||761
Friend (with 김도향, 윤형주, 사월과 오월, 김세환, 뚜아에 무아, 이정선, 남궁옥분 그 외..)||송창식||fork||236
부족한 사랑||박강수||fork||413
고독한여자의미소는슬퍼||김정호||fork||721
기슭으로 가는 배||김두수||fork||587
영원한 나의 사랑||이대헌||fork||760
눈 내리던 겨울 밤||김현식||fork||105
깊은 사랑||김도향||fork||732
그날이후||해바라기||fork||753
일어나||김연숙||fork||905
소녀의 기도||김연숙||fork||369
멈춰버린 이별||박용강||fork||543
향기로운 추억||박학기||fork||753
우리모두 여기에||푸른하늘||fork||629
사랑했어요||김현식||fork||431
위하여!!||안치환||fork||139
내어머니||국상현||fork||278
들쥐||이장순||fork||588
독도는 우리땅||정광태||fork||755
새봄 나라에서 살던 시원한 바람||시인과 촌장||fork||649
너에게 난, 나에게 넌||자전거 탄 풍경||fork||129
축복||해와 달||fork||404
푸른 교실 - 김인순||Various Artists||fork||63
순애보||사랑을 만드는 사람들||fork||997
사랑의 서약||사랑을 만드는 사람들||fork||187
재회||남궁옥분||fork||498
멍든 마음 손에 들고||한대수||fork||469
내가만일||김세환||fork||833
동행||김세환||fork||687
누구라도 그러하듯이||최성백||fork||851
소녀와 가로등||장덕||fork||187
개똥벌레||신형원||fork||771
창밖에는 비 오고요||송창식||fork||206
동행||이지상||fork||252
바람과 나||한대수||fork||625
너의 두번째 그 눈물 방울이||풍경||fork||467
그대만의 향기||해바라기||fork||695
자유 (김남주 시인 육성 낭송 + 노래)||안치환||fork||621
겨울비||조동진||fork||336
진주||꽃다지||fork||927
이세상 꽃들이 모두 다지면||이미키||fork||368
꽃으로 만발해서는||이미키||fork||991
둘이서||박상규||fork||946
해바라기||Various Artists||fork||787
내 잠 속에 내리는 비||박성환||fork||486
멍에 (김수희)||채환||fork||598
마이웨이 (윤태규)||채환||fork||132
영원한 나의 사랑||김희진||fork||975
미련||손진태||fork||883
만남 없는 이별||해오라기||fork||337
누나야||임지훈||fork||715
끝이 없는 순간||이수만||fork||299
오랫동안 멈춰 있었던 나의 시계는||안진우||fork||597
담벼락에 기대어 쓴 편지||신현||fork||508
생각||서유석||fork||187
그 밤만을 간직하세요||하야로비||fork||20
촛불||강촌사람들||fork||126
해변으로 가요||강촌사람들||fork||395
목화밭||강촌사람들||fork||283
야화||강촌사람들||fork||394
웨딩케익||미사리 (Misari)||fork||609
행복의 나라로||미사리 (Misari)||fork||700
아침이슬||양희은||fork||795
PLAY THE BLUES||김목경||fork||503
행복의 나라로 - 원 + 원||Various Artists||fork||733
비와 나 - 윤형주||Various Artists||fork||316
재회 - 남궁옥분||Various Artists||fork||421
한 움쿰의 빛||곽성삼||fork||439
다리 1||시인과 촌장||fork||279
비가 내리네||유익종||fork||167
선택||해와 달||fork||324
꿈꾸는 사람만이 세상을 가질 있지||김원중||fork||38
그대 고운 내사랑||이정열||fork||975
내사랑 내곁에||송영민||fork||138
사랑하게 되면||안치환||fork||29
누구없소?||한영애||fork||920
골목길||신촌 블루스||fork||796
그리움||이동원||fork||204
내일은 해가 뜬다||장철웅||fork||431
희나리||Various Artists||fork||552
한계령||양희은||fork||908
사랑이야||양희은||fork||907
친구여||Various Artists||fork||972
나들이||김승기||fork||416
MUM, I AM DYING||Ida Kelarova &amp; Romano Rat||fork||230
문득||햇빛세상||fork||302
That's All Right||Buddy Guy &amp; Junior Wells||fork||520
저 물결처럼||손현숙||fork||120
그대없는 거리||신촌 블루스||fork||965
그리운 얼굴||유익종||fork||303
슬픈 계절에 만나요||백영규||fork||57
철길 (with 윤정희)||이지상||fork||481
그대 그리고 나||소리새||fork||522
먼지없는 이 세상에||소리새||fork||138
나 항 상 그대를||Various Artists||fork||68
정동진 1||정태춘 &amp; 박은옥||fork||198
안개꽃을 든 여인||조덕배||fork||981
나 그대를 사랑하기에||양희은||fork||280
비의 블루스||신촌 블루스||fork||436
어느새||장필순||fork||700
사람이 꽃보다 아름다워||안치환||fork||587
사랑니||동물원||fork||784
아침에 쓰는 편지||이정열||fork||720
사랑 일기||시인과 촌장||fork||165
모두가 사랑이예요||유익종||fork||838
플로방스에서 온 편지||햇빛촌||fork||434
나의 외로움이 널 부를때||장필순||fork||932
로렐라이 언덕||윤형주||fork||511
새||안치환||fork||365
집으로 가는 길||권진원||fork||489
거리에서||유익종||fork||302
나뭇잎 사이로||소리새||fork||354
세월||소리새||fork||191
내 사람이여||권진원||fork||101
지상만애||백영규||fork||82
엘도라도||개구장애||fork||554
그대 없는 거리||엄인호||fork||904
그건 너||이장희||fork||659
진정 난 몰랐네||조덕배||fork||136
넌 충분히 아름다운 걸||동물원||fork||993
서른 즈음에||김광석||fork||988
편지||임창제||fork||432
님 그림자||이대헌||fork||895
비와 찻잔 사이||배따라기||fork||627
그래 걷자||김창완||fork||804
살다보면||권진원||fork||881
새벽 안개||조동진||fork||316
꿈에||박홍래||fork||745
불효자는 웁니다||이유신||fork||736
널 사랑하겠어||동물원||fork||903
내가 만일||안치환||fork||608
세월 그것은 바람||김정호||fork||534
솔아! 푸르른 솔아 !||안치환||fork||603
도시의 그림자||안혜경||fork||123
두바퀴로 가는 자동차||김광석||fork||828
막차로 떠난 여인||하남석||fork||759
대도무문||김동아||fork||718
편지||임창제||fork||36
여의도 우먼||김목경||fork||957
이별||장철웅||fork||382
사람의 진실||해바라기||fork||943
내 나이 마흔 살에는||양희은||fork||462
커피 그리고||잠수함||fork||655
여기에||노래를 찾는 사람들||fork||408
이별의 이야기, 낙엽따라 가버린 사랑, 허무한 마음, 철새는 날아가고, 동반자, 스잔나, 아직도 그대는 내사랑, 당신을 사랑해, 실비오는 소리에, 고향의 푸른잔디||정륭홍||fork||624
아침이슬||양희은||fork||291
이별은 아냐||이수용||fork||729
일어나||김광석||fork||126
너를 생각하며||이정선||fork||595
우린 너무 쉽게 헤어졌어요||최진희||fork||952
울고싶어라||이남이||fork||282
맨처음 고백||송창식||fork||155
행복한 나라로||한대수||fork||299
바람과 나||한대수||fork||378
여행||송봉주||fork||614
그리움만 쌓이네,립스틱 짙게 바르고,갈색 추억,운명,흔적,가버린 사람,우린 너무 쉽게 헤어졌어요,부초||정주리||fork||416
유리로 만든 배 (Live)||동물원||fork||664
둥지를 위하여||노래를 찾는 사람들||fork||504
외로운 사람들||엄인호||fork||221
쓸쓸한 연가||사람과 나무||fork||202
나의 옛날이야기||조덕배||fork||564
어느새||장필순||fork||482
그대는 또다른 나의 꿈||이광조||fork||636
92년 장마, 종로에서||정태춘 &amp; 박은옥||fork||36
사랑해 지금 떠나도||조하문||fork||583
소금 인형||안치환||fork||886
왼종일 비가 내렸네||트라이앵글 (Triangle)||fork||465
그리움||노래마을||fork||867
그대 내 맘에 들어오면은||조덕배||fork||325
빗속의 이별||조덕배||fork||126
