데이트하고 싶은 날||우이경 (Woo Yi Kyung)||ballard
노래를 부른다||류정수||ballard
사랑해요||유대용 (DY)||ballard
바라봐주길||레베카||ballard
그때, 나는||Bsus4||ballard
사랑이 떠났다 (With 홍지은, 김정우)||Ene||ballard
그때처럼||나보나||ballard
Always||김한현||ballard
사라지길 꿈꾼다||마른참새||ballard
들어주세요||아쿠아룸||ballard
안아줘||김은지||ballard
사이||석훈성||ballard
우산 (Feat. 새송)||김유월||ballard
너를 웃게 하고 싶어||에이티 크루||ballard
Time||V.O.S||ballard
이별중이야||데이스타 (DaystAr)||ballard
Butterfly (Prod. Sad Flamingo)||LambC (램씨)||ballard
Love Love Love||SunBee (선비)||ballard
I I YO (Prod. 길 Of Magic Mansion)||거미||ballard
BLUE||소민 (배드키즈) X HIGHTOP (빅플로)||ballard
넌 나를 좋아하니?||체리베리 (CherryBerry)||ballard
매화향||스쿠터 다이어리||ballard
그대 흐린 날 주막같은 인연이 있는가||박경하||ballard
고백||Mool||ballard
난 너만 있으면||리엘라||ballard
이별 후에||플로라||ballard
그냥||노래 안 하는 사람||ballard
셋을 셀동안||D`s.Tone (디스톤)||ballard
썸의 정석||김기원||ballard
이유||구오 (GUO)||ballard
Save me (Feat. 김환수)||강희원||ballard
우리는하나||김성일||ballard
그대 곁으로||박정하||ballard
이별||하프타운||ballard
우울한가 봄 (Feat. 소울스타)||1NB (원앤비)||ballard
보통이별 (Feat. 김찬)||두번째 별||ballard
한숨 (노래9단 흥부자댁)||노래 9단 흥부자댁||ballard
이렇게 난 숨만 쉬며 살아||임소정||ballard
가끔을 빼놓고 나는 널 생각해||이시은||ballard
이해할 수 있니||임창정||ballard
NO RUSH||짙은||ballard
all4one||트리탑스||ballard
그때는왜 (Feat. 하준석 of 울랄라 세션)||드라마틱스||ballard
난 행복합니다. (With. 이승조)||와이제이||ballard
한번만 다시||Yeong B||ballard
그런 날 있잖아||루크||ballard
시간이 흘러도||Den||ballard
Love You||토요||ballard
잊지 못해||더블오케이||ballard
이렇게 난 지금 (Feat. 김환희, 신지철)||이준엽||ballard
