Why Don`t You Know (Feat. 넉살)||청하||dance
땡땡땡||왈와리||dance
ROMANTIC DRAMA||Circus Crazy (서커스 크레이지)||dance
Never Mind||펑크파인애플||dance
다시 너를||테온||dance
눈물만 흘러||레드걸||dance
Delusion||Black Box||dance
Attack (Original Mix)||Disk Show||dance
그때 또 다시||유노||dance
MUZE||펀치펀치||dance
NIGHT PARTY||펀치펀치||dance
모르는 척 (With 윤혜선)||PD 블루||dance
일탈환생 (逸脫還生)||후이크리스||dance
피어나라, 소년이여! (a Boys in Efflorescence!)||정연우||dance
MIND CONTROL||일급비밀 (TOPSECRET)||dance
예술이야||싸이 (PSY)||dance
Show Time||It`s||dance
날라리||S.E.T||dance
Take Me Back (Feat. SIJEL)||Ferry||dance
Marry Man||UV X 신동||dance
Higher||박하이 (Park Hi)||dance
더 크면 얘기해||디오||dance
사랑하세요||에이미||dance
BLING BLING||펀치펀치||dance
Dark Lady (Feat. Yarr(NoLzA))||AtoZ||dance
JIYUGAOKA||펀치펀치||dance
캔디 크러쉬 (Candy Crush)||무드살롱||dance
우리 처음||ELRIS||dance
Wannabe (Feat. San E)||효연 (HYOYEON)||dance
Ooh Ooh||H.U.B||dance
쟈니고고||G-reyish||dance
EDM (Troubled times)||DJ Spin||dance
ULTRA DANCE||펀치펀치||dance
Scientist||Black Box||dance
마주치는 눈빛 (Vocal Ver.) (Feat. 쇼리, 오은하)||리듬킹||dance
VOLUME UP||펀치펀치||dance
So Cool||펀치펀치||dance
마음||리에||dance
Fancy Shoes||정일훈||dance
답||김기쁨||dance
Change (Feat. Ovcoco With Steel)||Tobynoh||dance
ROCK THE WORLD||펀치펀치||dance
솔로ing (Feat.박우혁)||장진희||dance
DANCE NOW||펀치펀치||dance
Conflict||Black Box||dance
Kind Stroy (Radio Edit)||DJ Leona||dance
CALLING YOU||하이라이트 (Highlight)||dance
MAYDAY||에이프릴 (APRIL)||dance
Baby||아스트로 (ASTRO)||dance
매력이 넘쳐 (So gorgeous!)||OTHANKQ (오땡큐)||dance
