100 Rays||보은||fork
거리에서||시간여행... 추억의 포크송||fork
멀리 가지 말자||마해수||fork
취업쏭||조마조마밴드||fork
괜찮아요||예슬||fork
커피||온더스트릿||fork
외롭쏭||박다영||fork
휴가철 도로 위||윤딴딴||fork
너의 밤은 어때||그_냥||fork
사랑라떼 (Feat. 오혜금)||제이멜로우||fork
우리의 여름||윤기타||fork
데이트할까||이루다 (E-ruda)||fork
물병의 꽃||코난 (로코베리)||fork
택배아저씨||민욱 (MINUK)||fork
드림랜드||선선한 밤||fork
선구안||유능||fork
오늘을 걷다||밤별||fork
여름밤||스웨덴세탁소||fork
반짝이던 소녀||전기장판||fork
Maybe||Kelsey Park||fork
따봉송||안경낀 날라리||fork
술기운에||타예타||fork
반추||유동혁||fork
비는 추억으로 내린다||유형균||fork
SANA||JAY||fork
집에 가고 싶다 (Feat. 최민지)||0720||fork
뚜두다 (With 이은경)||보트||fork
다시 돌아오지 않기를||장새벽||fork
탈||타예타||fork
부산 (Busan)||Dave Beck||fork
Alice||Evey||fork
유후훗||Whale D (고래등)||fork
바다 위의 이슬 (충무공 이순신) (Feat. 김세황)||RSpresso||fork
아직은||밤빛아침||fork
상상||앙팡트리||fork
계절사이 (Feat. Arche)||Sixty||fork
아수라발발타||사리사||fork
윙치킨||재영||fork
Romance||김은지||fork
봄길||KARROT (캐럿)||fork
우울한 결혼 (Feat. 기라)||이진||fork
Is This Love||도마||fork
낙엽놀이||홍혜림||fork
오락가락해||코코||fork
Shiny Day||범`s (범스)||fork
우린 결국 (Over again)||조인 (ZOIN)||fork
굿나잇||훈스 (HOONS)||fork
커피 한 잔 어때||홍찬미||fork
내겐 너무 사랑스러운 그녀||황소희||fork
보라카이걸 (Feat. 조은)||명인희||fork
