Bolt&amp;Volt (볼탄볼) (Feat. 오슬기) (RAW)||쿨러닝||hiphop
약하지 않아||Dino.T (다이노티)||hiphop
취중진담 (Feat. Shupie)||RAINMAKER (레인메이커)||hiphop
A Party At Night||프로젝트 M||hiphop
그럴 수 있지||조원우 (H2ADIN)||hiphop
Exoneration||JC NARU||hiphop
Alpex||루드보이 (Roodboi)||hiphop
Main Dish (Prod. Coa White)||OP (오피)||hiphop
R.||Rogito||hiphop
공전 (Feat. Dopein) (Prod. by Midas P)||패러렐(Parallel)||hiphop
우유부단 (Prod. by K JUN)||조현아 (어반 자카파)||hiphop
GOOD BAD||입술세개||hiphop
party (SHUT DOWN) (Feat. 크러쉬)||Sik-K (식케이)||hiphop
MoonLight||배치기||hiphop
Dawn||곽키||hiphop
With You||노훈||hiphop
Skrr (스컬)||트리가 (Trigga)||hiphop
1WAY(일방통행)||1.B.T.H||hiphop
Dawn of the Dead (Feat. Lydia Jung &amp; Kevin Chung)||J.PUMBAA||hiphop
My Ballad||Clint Westwood (클린트 웨스트우드)||hiphop
Ordinary day||053||hiphop
그 자리에서||서달달||hiphop
Love (Feat. LQ)||랩혼 (Raphorn)||hiphop
20160126||O.venz||hiphop
처먹어||Heteropolitan (헤테로폴리탄)||hiphop
토요일 (Feat. 나탈리)||rmsidgo record (그냥해 레코드)||hiphop
Call Me (Just Do Eat)||J.Bull||hiphop
True||Still PM||hiphop
Cypher#9 (10 PM)||그냥해 싸이퍼||hiphop
맑은비||두난||hiphop
벚꽃이 피면 (Feat. Fancy)||아담 (A.D.A.M)||hiphop
Sit Back||멜로베이스||hiphop
없다고||랩퍼성큰||hiphop
Buck up (Feat. Slo`G)||Sup East||hiphop
25 (Feat. NewBlack, 세림)||에스토 (Esto)||hiphop
Where I Go (Feat. 1060, 나아람)||암모나이트 (Amonight)||hiphop
It`s Like Electronic Music 그래서 타이틀은 못 되지 (Feat. 찬휘 Of 7th Street)||다미아노||hiphop
Calypso Love||루드 페이퍼||hiphop
25||NODA||hiphop
바닥||최삼||hiphop
딜레마||그랩||hiphop
Emperor`s Nooooooo Clothes||르누아||hiphop
후애後愛||혜리||hiphop
Unseal (Feat. 뮤진, SoundGoam)||SSE SSE||hiphop
매력점||꼬마견||hiphop
썸Day||아이신 (iSinn)||hiphop
Perfume||Hans3||hiphop
아는 여자 (Feat. San E)||베이식||hiphop
Love is||러버소울||hiphop
셰셰셰 (YES YES YEAH)||제리케이 (Jerry.k)||hiphop
