생각해||ABTB||indi
Retro, Il Lento||오리엔탈 쇼커스||indi
술을양껏||Saneam||indi
괜찮아요||예슬||indi
커피||온더스트릿||indi
휴가철 도로 위||윤딴딴||indi
너의 밤은 어때||그_냥||indi
사랑라떼 (Feat. 오혜금)||제이멜로우||indi
우리의 여름||윤기타||indi
And You||구현||indi
ON THE ROAD||모닝헤이즈||indi
보통이별 (Feat. 김찬)||두번째 별||indi
이렇게 난 숨만 쉬며 살아||임소정||indi
NO RUSH||짙은||indi
돈 먹는 내새끼 (Feat. 신`세바스챠`가람)||타카피||indi
Who You Are (Feat. Mxxg)||SOWALL||indi
택배아저씨||민욱 (MINUK)||indi
드림랜드||선선한 밤||indi
Love Song||엉클소울||indi
오늘을 걷다||밤별||indi
날 울리지마요||소년은 소녀를||indi
여름밤||스웨덴세탁소||indi
너의 몸을 흔들어 너의 마음을 움직여||언니네 이발관||indi
그 드라마처럼||위아더나잇 (We Are The Night)||indi
헤어지기 위하여||헤일||indi
반짝이던 소녀||전기장판||indi
따봉송||안경낀 날라리||indi
너만을 원해 (Only I Want You)||김성진||indi
내게 남은 너||루오||indi
If You Ever Knew (Feat. EachONE, Maxi Zee)||luvnhate||indi
별을 세다||루아 (Lua)||indi
SANA||JAY||indi
City Light||From The East (프롬 디 이스트)||indi
Whose Dance?||Purple LP (퍼플엘피)||indi
구름 위 세상은||한현구||indi
봄은 겨울이 꾸는 꿈||프롬||indi
좋아요 (No Narration)||좋아서하는밴드||indi
Miss||플래그 (FLAG)||indi
집에 가고 싶다 (Feat. 최민지)||0720||indi
Missing You||Vanilla Mousse||indi
긴긴 밤||블루파프리카||indi
늦봄 (Feat. 최상언)||동안||indi
1000% (With 문혜원 of 뷰렛)||네바다 #51||indi
바다 위의 이슬 (충무공 이순신) (Feat. 김세황)||RSpresso||indi
탐라야||한주호||indi
민들레 (single ver.)||우효||indi
나랑 아니면||검정치마||indi
전화하지마||오브로젝트||indi
상상||앙팡트리||indi
얼음 땡 얼음||에이프릴 세컨드||indi
