Who You Are (With 제이, 넋업샨)||빈센트||R&B
후아유||Rodah||R&B
잠든척||이지훈||R&B
잠시만 안녕||애즈원||R&B
MISERY||PIUS (파이어스)||R&B
And You||구현||R&B
그렇게 또||비볼드 (Be Bold)||R&B
말투||캐슈넛보이||R&B
Your Light||아티||R&B
써||오스카 (Oskar)||R&B
Show Me||제이슨 정 (Jason Jeong)||R&B
이런 식이야 (Feat. 레인그린)||빠루 (BBaru)||R&B
시간이 춤을 춰||Spoiled Child||R&B
다라다 (DA RA DA)||휘인 (마마무)||R&B
같은 밤||SOMA (소마)||R&B
혼잣말 해||하이연 (Hiyeon)||R&B
1+1=0 (Feat. DEAN)||수란 (SURAN)||R&B
네버세이굿바이 (Never Say Goodbye)||유리(Yuri)||R&B
귓속말||레트로 트왱 (Retro Twang)||R&B
Love Song||엉클소울||R&B
일가기싫어||Western River Sound||R&B
부릉부릉||락커스빈||R&B
술||Sienna||R&B
If You Ever Knew (Feat. EachONE, Maxi Zee)||luvnhate||R&B
Drivin||박영애||R&B
Real Love||블레오 (Bleo)||R&B
LONELY||씨스타||R&B
Overlap||소피아 (Sophiya)||R&B
지금이 좋아||아이엠||R&B
Beautiful Birth||Birthday427||R&B
미끄럽네요||Silla (실라)||R&B
Best Day Ever||PENKO||R&B
목소리||테일러 (Taylor)||R&B
얼마전까지||도상미||R&B
Lemonade||재니||R&B
Tight (Feat. Michael)||독스 (Dawgs)||R&B
아무일도 없는 밤||톰톰||R&B
널 새겨줘||송은지||R&B
SEND||권숭||R&B
타이밍 (Feat. 유승우)||러비||R&B
Friday (Feat. Gibba)||Cupid`s Bullets||R&B
Wherever||Reum||R&B
해, 달, 별||크나큰||R&B
AMAZON||OVCOCO (오브 코코)||R&B
Just Stay With Me (Feat. DION)||Traila $ong||R&B
전국체전||비단종||R&B
엄마엄마엄마 (Prod. by 서달달)||최봄||R&B
DumbWanderer||IVeR||R&B
잊지못해||진필||R&B
알겠어 (I Guess So)||Ojo||R&B
