Wind||FTISLAND||rock
반드시 웃는다||DAY6 (데이식스)||rock
생각해||ABTB||rock
Retro, Il Lento||오리엔탈 쇼커스||rock
술을양껏||Saneam||rock
Who Got A Star (Feat. 최종원)||모그샷 (Moggshot)||rock
보름달||이스터에그||rock
ON THE ROAD||모닝헤이즈||rock
뚜비뚜바||차이나 몽키 브레인||rock
청춘일기||박민정||rock
때로는||하정원||rock
잊어줘 (Prod. 서경교)||김민경||rock
Lovefool||K-Poppin||rock
돈 먹는 내새끼 (Feat. 신`세바스챠`가람)||타카피||rock
금지된 사랑||김건||rock
Railroad trail||Analog INC.||rock
자괴감||메이릴 (Mayreel)||rock
The Real (Feat. Dyon Joo)||몽키비츠||rock
Fever||엔분의일 (1/N)||rock
One Way Ticket||LIZRO||rock
하아아||일레븐 (Eleven)||rock
Robot Song||비하인더||rock
날 울리지마요||소년은 소녀를||rock
황무지 (Feat. 김병삼 of Zero-G)||김창훈과 블랙스톤즈||rock
너의 몸을 흔들어 너의 마음을 움직여||언니네 이발관||rock
항해||마시따 밴드||rock
City Light||From The East (프롬 디 이스트)||rock
미련||파동||rock
Whose Dance?||Purple LP (퍼플엘피)||rock
좋아요 (No Narration)||좋아서하는밴드||rock
Miss||플래그 (FLAG)||rock
긴긴 밤||블루파프리카||rock
LIKE A PIKER||PIKER||rock
Lucky Star (Feat. Sirin) (Short Ver.)||눈큰나라||rock
TF||Another Day||rock
나의 사랑 영화처럼 (Feat. 수연2)||케이 (KEI)||rock
Love||Deux Yvestres||rock
스토커||라용수||rock
탐라야||한주호||rock
민들레 (single ver.)||우효||rock
나랑 아니면||검정치마||rock
얼음 땡 얼음||에이프릴 세컨드||rock
이상해풀||포크스푼||rock
Breaking the silent||미스틱블루||rock
Break Down (Original)||크랙샷 (Crackshot)||rock
자장가||도도어스||rock
Sing a Song and Dance (온스테이지 Ver.)||노선택과 소울소스||rock
잠들어 있던 나에게||C8 (씨에잇)||rock
조금 더 담아 둘게요 (Feat. 시유)||찬즈||rock
벽사무||팎 (PAKK)||rock
